{
  "version": "2.0",
  "tcs_structure": true,
  "geometry": {
    "det_g_mean": 2.023177146911621,
    "det_g_target": 2.03125,
    "det_g_error_pct": 0.39743276742788464
  },
  "training": {
    "h2_epochs": 3000,
    "h3_epochs": 8000,
    "h2_final_loss": 4.9281741354434416e-08,
    "h3_final_loss": 0.30787235498428345
  },
  "tcs_modes": {
    "n_local": 35,
    "n_left": 14,
    "n_right": 14,
    "n_neck": 14
  },
  "yukawa": {
    "n_visible": 35,
    "nonzero_count": 44,
    "largest_gap_idx": 34,
    "gap_35_ratio": 23.895444869995117,
    "gap_43_ratio": 2.7866803309350985e-10,
    "tau_best_n": 24,
    "tau_estimate": 3.8145151138305664,
    "tau_target": 3.8967452,
    "tau_error_pct": 2.110224962234497
  },
  "verdict": {
    "43_77_structure": false,
    "35_42_structure": true,
    "tau_emerged": true
  }
}