{
  "n_forms": 21,
  "det_gram": 0.9987549185752869,
  "gram_error": 0.04990677163004875,
  "eigenvalues": [
    0.980496346950531,
    0.9823377728462219,
    0.9860833883285522,
    0.9887498617172241,
    0.9898813962936401,
    0.9926237463951111,
    0.9936816692352295,
    0.9951532483100891,
    0.9957270622253418,
    0.9987903237342834,
    1.000923752784729,
    1.0015653371810913,
    1.0034798383712769,
    1.0041247606277466,
    1.006734848022461,
    1.0077747106552124,
    1.0089350938796997,
    1.0129218101501465,
    1.0138201713562012,
    1.016217589378357,
    1.0199780464172363
  ],
  "validation_pass": true,
  "n_eigenvalues_in_tolerance": 21.0
}