{
  "gift_chi2": 7354344.957933123,
  "alt_chi2_mean": 2.0630382807156704e+30,
  "alt_chi2_min": 236419317.8615547,
  "alt_chi2_std": 2.9102736341999803e+31,
  "bootstrap_diff_mean": 264131330.3886756,
  "bootstrap_diff_std": 129361756.13994046,
  "ci_lower": 229064972.90362158,
  "ci_upper": 521053502.0776628,
  "p_value_optimal": 0.0,
  "confidence_level": 0.95,
  "n_bootstrap": 10000,
  "n_alternatives": 10000
}