{
  "validation": {
    "T5_MC": {
      "pass": true,
      "R2_opt": 0.9396262870173233,
      "R2_best_random": 0.9392712979560579,
      "margin": 0.0003549890612654094,
      "p_value": 0.0,
      "n_trials": 50
    },
    "T7_bootstrap": {
      "pass": false,
      "alpha_hat": 1.0063580437471809,
      "CI_lo": 1.0056951636555658,
      "CI_hi": 1.0070142976946703,
      "B": 5000
    },
    "T8_drift": {
      "pass": false,
      "slope": 0.003874961722424018,
      "p_value": 0.03797792496808974
    },
    "score": "1/3"
  },
  "theta_eff": {
    "values": [
      0.9669852256774902,
      1.0262961387634277,
      1.0534882545471191,
      1.0739998817443848,
      1.0845484733581543,
      1.0909342765808105
    ],
    "mean": 1.0493753751118977,
    "std": 0.042638713062853696,
    "asymptote": 1.4892245827349284,
    "fit_R2": 0.9880166727317552
  },
  "R2_decay": {
    "linear_slope": -0.01565775079660531,
    "inv_log_plateau": 0.844174124631651,
    "inv_log_R2_fit": 0.9983726911582378
  },
  "GUE": {
    "KS_stat": 0.21374362550189524,
    "KS_pval": 0.0,
    "lag1_delta": 0.241991785808419,
    "lag1_pred": 0.34353395867291386,
    "lag1_resid": -0.4666335907866129
  }
}