{
  "timestamp": "2026-01-21T16:55:38.652771",
  "notebook": "G2_TCS_Anisotropy_v3",
  "method": "TCS S\u00b3 size ratio anisotropy",
  "constants": {
    "H_star": 99,
    "dim_G2": 14,
    "det_g": 2.03125,
    "target_lambda_H": 14,
    "target_ratio": 1.4142135623730951
  },
  "hypothesis": "ratio(S\u00b3\u2082/S\u00b3\u2081) = \u221a2 gives \u03bb\u2081\u00d7H* = 14",
  "results": {
    "epsilon": [
      0.0,
      0.1,
      0.2,
      0.30000000000000004,
      0.4,
      0.5,
      0.6000000000000001,
      0.7000000000000001,
      0.8,
      0.9,
      1.0
    ],
    "lambda1_H_mean": [
      5.080193374559713,
      5.262513730076342,
      5.436627350952923,
      5.613671578909405,
      5.810500680264128,
      5.9744232171197655,
      6.13153729373812,
      6.270913485951619,
      6.375783261279535,
      6.443744471552085,
      6.429937307989361
    ],
    "det_g_mean": [
      2.0312500000000018,
      2.0312499999999987,
      2.0312500000000004,
      2.0312499999999996,
      2.0312499999999996,
      2.0312499999999982,
      2.03125,
      2.031250000000001,
      2.031249999999999,
      2.0312500000000004,
      2.03125
    ]
  }
}