{
  "version": "v4_delta0_vs_delta1",
  "grid_size": 7,
  "metric": {
    "g_ii": 1.1065376538134328,
    "det_g": 2.03125
  },
  "delta_0": {
    "lambda1_calibrated": 0.9037198115705578,
    "product": 89.46826134548522
  },
  "delta_1": {
    "lambda1_calibrated": 0.9037198115705558,
    "product": 89.46826134548502
  },
  "ratio_delta1_delta0": 0.9999999999999978,
  "H_star": 99,
  "target": 14
}