{
  "p_max": 50000,
  "n_zeros": 2001052,
  "k_max_values": [
    1,
    2,
    3,
    4,
    5,
    6,
    7,
    8
  ],
  "formulas": [
    "const_1.0",
    "best: 1.0 - phi/(logT - 15/8)",
    "GIFT: 7/6 - phi/(logT - 15/8)"
  ],
  "elapsed_s": 932.5027923583984,
  "results": [
    {
      "k_max": 1,
      "alpha": 0.999695239096359,
      "abs_alpha_m1": 0.00030476090364095487,
      "t7": false,
      "t7_ci": [
        0.9995898304998869,
        0.9997904472734869
      ],
      "t8": false,
      "drift_p": 0.006403929556603473,
      "drift_slope": 3.8631202461985724e-05,
      "alpha_std": 0.0003539991329546936,
      "alpha_range": [
        0.9984569215065618,
        1.000382267103878
      ],
      "osc_period": 2.380952380952381,
      "osc_power_frac": 0.14959860427631902,
      "formula": "const_1.0",
      "a": 1.0,
      "b": 0.0,
      "d": 0.0
    },
    {
      "k_max": 2,
      "alpha": 0.9996992087114908,
      "abs_alpha_m1": 0.000300791288509239,
      "t7": false,
      "t7_ci": [
        0.9995891795138007,
        0.9997959898716414
      ],
      "t8": false,
      "drift_p": 0.00046296535209577097,
      "drift_slope": 4.5159594897148774e-05,
      "alpha_std": 0.00037973130758583534,
      "alpha_range": [
        0.9982626135566427,
        1.0003744547309512
      ],
      "osc_period": 2.0,
      "osc_power_frac": 0.16316292863359527,
      "formula": "const_1.0",
      "a": 1.0,
      "b": 0.0,
      "d": 0.0
    },
    {
      "k_max": 3,
      "alpha": 0.9996914818640533,
      "abs_alpha_m1": 0.0003085181359466782,
      "t7": false,
      "t7_ci": [
        0.9995812964154357,
        0.9997856822195696
      ],
      "t8": false,
      "drift_p": 0.0003500367960249095,
      "drift_slope": 4.602729791527962e-05,
      "alpha_std": 0.00037802339339122504,
      "alpha_range": [
        0.9982424380127614,
        1.0003698791733573
      ],
      "osc_period": 2.0,
      "osc_power_frac": 0.17278718811443972,
      "formula": "const_1.0",
      "a": 1.0,
      "b": 0.0,
      "d": 0.0
    },
    {
      "k_max": 4,
      "alpha": 0.99968992713553,
      "abs_alpha_m1": 0.00031007286447004567,
      "t7": false,
      "t7_ci": [
        0.9995778033723157,
        0.9997855222751999
      ],
      "t8": false,
      "drift_p": 0.00043368342726497245,
      "drift_slope": 4.59764626815811e-05,
      "alpha_std": 0.00038365093197342397,
      "alpha_range": [
        0.9981798078892049,
        1.0003439562783134
      ],
      "osc_period": 2.0,
      "osc_power_frac": 0.1756287059540129,
      "formula": "const_1.0",
      "a": 1.0,
      "b": 0.0,
      "d": 0.0
    },
    {
      "k_max": 5,
      "alpha": 0.9996859396381301,
      "abs_alpha_m1": 0.0003140603618698723,
      "t7": false,
      "t7_ci": [
        0.9995715960605528,
        0.9997825071982296
      ],
      "t8": false,
      "drift_p": 0.00046771601089852966,
      "drift_slope": 4.523114257009392e-05,
      "alpha_std": 0.0003815912416696925,
      "alpha_range": [
        0.9981833622513332,
        1.0003380744255703
      ],
      "osc_period": 2.0,
      "osc_power_frac": 0.1719734319885707,
      "formula": "const_1.0",
      "a": 1.0,
      "b": 0.0,
      "d": 0.0
    },
    {
      "k_max": 6,
      "alpha": 0.99968671161129,
      "abs_alpha_m1": 0.0003132883887100313,
      "t7": false,
      "t7_ci": [
        0.9995726224683673,
        0.9997822290515794
      ],
      "t8": false,
      "drift_p": 0.00040407276557135404,
      "drift_slope": 4.517548568409653e-05,
      "alpha_std": 0.0003802861412515054,
      "alpha_range": [
        0.9982018358240253,
        1.0003520907559904
      ],
      "osc_period": 2.0,
      "osc_power_frac": 0.1736706050747115,
      "formula": "const_1.0",
      "a": 1.0,
      "b": 0.0,
      "d": 0.0
    },
    {
      "k_max": 7,
      "alpha": 0.9996866971767728,
      "abs_alpha_m1": 0.0003133028232271684,
      "t7": false,
      "t7_ci": [
        0.9995737025053107,
        0.999781429714603
      ],
      "t8": false,
      "drift_p": 0.00037579598702479393,
      "drift_slope": 4.49046455478128e-05,
      "alpha_std": 0.0003796945858730283,
      "alpha_range": [
        0.9982025961242592,
        1.0003542390546087
      ],
      "osc_period": 2.0,
      "osc_power_frac": 0.17721970172282886,
      "formula": "const_1.0",
      "a": 1.0,
      "b": 0.0,
      "d": 0.0
    },
    {
      "k_max": 8,
      "alpha": 0.9996867076454793,
      "abs_alpha_m1": 0.00031329235452071114,
      "t7": false,
      "t7_ci": [
        0.9995744233882866,
        0.9997815957491499
      ],
      "t8": false,
      "drift_p": 0.0003874426782807496,
      "drift_slope": 4.485613952776607e-05,
      "alpha_std": 0.0003797380992850261,
      "alpha_range": [
        0.9981976895446424,
        1.000353529791893
      ],
      "osc_period": 2.0,
      "osc_power_frac": 0.1757463343677237,
      "formula": "const_1.0",
      "a": 1.0,
      "b": 0.0,
      "d": 0.0
    },
    {
      "k_max": 1,
      "alpha": 0.999726246072871,
      "abs_alpha_m1": 0.0002737539271290279,
      "t7": false,
      "t7_ci": [
        0.999628916154189,
        0.9998183310308029
      ],
      "t8": false,
      "drift_p": 0.0037144975993225944,
      "drift_slope": 3.428162625441006e-05,
      "alpha_std": 0.00033115399371859476,
      "alpha_range": [
        0.9987770725331802,
        1.0004108623115446
      ],
      "osc_period": 2.380952380952381,
      "osc_power_frac": 0.1501051811314427,
      "formula": "best: 1.0 - phi/(logT - 15/8)",
      "a": 1.0,
      "b": 1.618033988749895,
      "d": -1.875
    },
    {
      "k_max": 2,
      "alpha": 0.9997309145263579,
      "abs_alpha_m1": 0.00026908547364212776,
      "t7": false,
      "t7_ci": [
        0.9996293325843354,
        0.9998230929715054
      ],
      "t8": false,
      "drift_p": 0.00010985706334987194,
      "drift_slope": 4.0466686327593514e-05,
      "alpha_std": 0.00034970751663857344,
      "alpha_range": [
        0.9986089514099233,
        1.0003958861244902
      ],
      "osc_period": 2.0,
      "osc_power_frac": 0.1441218913720913,
      "formula": "best: 1.0 - phi/(logT - 15/8)",
      "a": 1.0,
      "b": 1.618033988749895,
      "d": -1.875
    },
    {
      "k_max": 3,
      "alpha": 0.9997227277058791,
      "abs_alpha_m1": 0.0002772722941208894,
      "t7": false,
      "t7_ci": [
        0.9996224708860169,
        0.9998116802731233
      ],
      "t8": false,
      "drift_p": 7.885493455352672e-05,
      "drift_slope": 4.153925887168042e-05,
      "alpha_std": 0.00034967831156325146,
      "alpha_range": [
        0.9985784427319696,
        1.0003933191082413
      ],
      "osc_period": 2.0,
      "osc_power_frac": 0.15422192930670411,
      "formula": "best: 1.0 - phi/(logT - 15/8)",
      "a": 1.0,
      "b": 1.618033988749895,
      "d": -1.875
    },
    {
      "k_max": 4,
      "alpha": 0.9997214482755995,
      "abs_alpha_m1": 0.0002785517244004998,
      "t7": false,
      "t7_ci": [
        0.9996212048411028,
        0.9998143422255722
      ],
      "t8": false,
      "drift_p": 0.00010931399994670756,
      "drift_slope": 4.1376907449418754e-05,
      "alpha_std": 0.00035418455741712495,
      "alpha_range": [
        0.998529845684091,
        1.0003701758674777
      ],
      "osc_period": 2.0,
      "osc_power_frac": 0.15719840994635284,
      "formula": "best: 1.0 - phi/(logT - 15/8)",
      "a": 1.0,
      "b": 1.618033988749895,
      "d": -1.875
    },
    {
      "k_max": 5,
      "alpha": 0.9997176775410062,
      "abs_alpha_m1": 0.00028232245899384445,
      "t7": false,
      "t7_ci": [
        0.9996162193791676,
        0.99980954311251
      ],
      "t8": false,
      "drift_p": 0.00012571723839753158,
      "drift_slope": 4.067616272817105e-05,
      "alpha_std": 0.0003526787974043638,
      "alpha_range": [
        0.9985301404886855,
        1.0003645849315381
      ],
      "osc_period": 2.0,