{
  "global_torsion_bound": 0.0028595454528899055,
  "joyce_threshold": 0.1,
  "safety_margin": "35x",
  "lipschitz_constant": 0.00012035333929816261,
  "det_g_range": [
    2.031219720840454,
    2.031280040740967
  ],
  "det_g_target": 2.03125,
  "n_samples": 64,
  "timestamp": "2025-12-01T22:07:11.170036"
}