{
  "global_torsion_bound": 0.20352765789935068,
  "joyce_threshold": 0.1,
  "safety_margin": "0x",
  "lipschitz_constant": 0.053808968514204025,
  "det_g_range": [
    2.022406816482544,
    2.0361509323120117
  ],
  "det_g_target": 2.03125,
  "n_samples": 64,
  "timestamp": "2025-12-01T21:34:50.207418"
}