{
  "method": "Cholesky",
  "train_set": {
    "original_det": 0.9573973417282104,
    "original_error": 0.04859930773535184,
    "ortho_det": 0.999999789552786,
    "ortho_error": 4.592583954642055e-08,
    "eigenvalues_original": [
      0.9779022336006165,
      0.9835566282272339,
      0.9844343066215515,
      0.9869811534881592,
      0.9887501001358032,
      0.9901971817016602,
      0.992375910282135,
      0.9946988224983215,
      0.9950912594795227,
      0.9970896244049072,
      0.9998736381530762,
      1.0006422996520996,
      1.0023127794265747,
      1.003284215927124,
      1.0038055181503296,
      1.0047509670257568,
      1.0049471855163574,
      1.0055124759674072,
      1.007673740386963,
      1.0093837976455688,
      1.024383306503296
    ]
  },
  "test_set": {
    "original_det": 1.054674744606018,
    "original_error": 0.07286265278026945,
    "ortho_det": 1.1016059361412345,
    "ortho_error": 0.10232065213658899,
    "eigenvalues_original": [
      0.9667780995368958,
      0.9842519164085388,
      0.9852963089942932,
      0.9895291328430176,
      0.9949458837509155,
      0.9955567717552185,
      0.9958115220069885,
      0.9972954392433167,
      0.9986446499824524,
      1.0004814863204956,
      1.0008575916290283,
      1.0017600059509277,
      1.0043323040008545,
      1.0071816444396973,
      1.007589340209961,
      1.0089441537857056,
      1.0130265951156616,
      1.0145808458328247,
      1.0202276706695557,
      1.0246117115020752,
      1.0441616773605347
    ],
    "eigenvalues_ortho": [
      0.9577824101522036,
      0.975942855101227,
      0.9880198410770151,
      0.9884156828818828,
      0.9910060358741237,
      0.9935322229036128,
      0.9959402642554362,
      0.9967039238158183,
      0.9967426675103521,
      0.9983637142461149,
      1.002283493129974,
      1.0026560176864903,
      1.0093006901010626,
      1.0095582893916286,
      1.0120024908044358,
      1.017631875817981,
      1.0192058743945556,
      1.023187383063181,
      1.0248096149253052,
      1.031857611797901,
      1.0669727353425524
    ]
  },
  "consistency": {
    "train_test_gap": 0.10160614658844846
  },
  "verdict": "GOOD - Harmonics approximately orthonormal"
}