{
  "n_test_points": 2000,
  "self_consistency_error": 0.0,
  "determinant": {
    "mean": 0.9999999403953552,
    "std": 3.133167467694875e-07,
    "min": 0.999998927116394,
    "max": 1.0000008344650269,
    "deviation_from_1": 5.960464477539063e-08
  },
  "eigenvalues": {
    "min": 0.5741097331047058,
    "max": 5.551260948181152,
    "mean": 1.447580099105835
  },
  "conditioning": {
    "mean": 9.669306755065918,
    "max": 9.66933536529541
  },
  "symmetry": {
    "max_error": 2.384185791015625e-07,
    "mean_error": 1.1754035949707031e-07
  },
  "positive_definite_rate": 100.0,
  "verdict": "EXCELLENT - Metric reconstruction is consistent"
}