{
  "n_test_points": 100,
  "finite_difference_step": 0.0001,
  "ricci_curvature": {
    "norm_mean": 0.00023167043400462717,
    "norm_std": 9.228281123796478e-05,
    "norm_max": 0.0005551025387831032
  },
  "ricci_scalar": {
    "mean": 0.00012949673691764474,
    "std": 4.248058030498214e-05,
    "max_abs": 0.0002478592505212873
  },
  "riemann_tensor": {
    "norm_mean": 0.0004251338541507721,
    "norm_max": 0.0007626940496265888
  },
  "christoffel_symbols": {
    "norm_mean": 0.032693322747945786,
    "norm_max": 0.044184960424900055
  },
  "verdict": "EXCELLENT - Ricci curvature nearly zero (Ricci-flat)",
  "note": "Computed via finite differences (h=1e-4). G2 torsion-free manifolds should be Ricci-flat."
}