{
  "n_forms_extracted": 77,
  "n_samples": 4096,
  "det_gram_b3": -2.7067637954671713e-24,
  "eigenvalues_b3": {
    "min": -3.4990269306585105e-17,
    "max": 2.0007975101470947,
    "mean": 0.8596393465995789,
    "std": 0.334038108587265
  },
  "orthonormality_error": 0.0016861595213413239,
  "condition_number": -5.718154101653504e+16
}