{
  "method": "spectral_fourier_extraction",
  "n_forms_extracted": 68,
  "target_forms": 77,
  "det_gram_spectral": -3.4502520728601717e-268,
  "eigenvalues": {
    "all": [
      -1.8828054578678334e-17,
      -1.2427020169162616e-17,
      -4.179901729206985e-18,
      3.8807626164181364e-18,
      1.2158653322780269e-17,
      2.7510965566729373e-17,
      4.686673650835746e-17,
      3.338698873384631e-07,
      7.065414241121576e-07,
      1.223697431360205e-06,
      5.795351946435469e-05,
      7.915990070651865e-05,
      0.00010708352949888001,
      0.00014893834775311872,
      0.00017278321090008906,
      0.00025544802810512025,
      0.0003232042360063699,
      0.00035820033361522494,
      0.00044356221558290303,
      0.0005098401011628956,
      0.0005618242192421519,
      0.0006628119889022416,
      0.0007912243250568054,
      0.0008566125246052405,
      0.0009310350894840473,
      0.0012152285953010316,
      0.0012354129664680614,
      0.0014337385398061609,
      0.0016316076369020476,
      0.0016957809193751817,
      0.0021237240703889733,
      0.0022152518749428696,
      0.0027164402573367917,
      0.003124384979012944,
      0.0032654796446132486,
      0.0035980801983934345,
      0.003745186481646689,
      0.004578340636050116,
      0.0050250789118051285,
      0.005414577095923214,
      0.005740509614546999,
      0.006530306432724235,
      0.007082088551920668,
      0.008202170459687963,
      0.009535958073712443,
      0.01059021741316665,
      0.011847008337720786,
      0.012681979179650863,
      0.013901243081695925,
      0.01461948215978476,
      0.016177521072913235,
      0.01732315154585506,
      0.017873018393385898,
      0.021566477615514737,
      0.022767434049303616,
      0.024366522345612006,
      0.029287437090758,
      0.029875811006239556,
      0.03181899036535516,
      0.03844159570253024,
      0.03972201580184517,
      0.04288605424604613,
      0.0476210436361882,
      0.057082921101193465,
      0.07410213199102927,
      0.4453644061418687,
      0.47389824624799365,
      0.6985348623369718,
      0.7259018434671489,
      0.8864635320295701,
      0.8956762430829041,
      1.340479716838215,
      1.5393196489609964,
      1.7444001270766054,
      2.3943262264412892,
      3.9855132028411537,
      675514391531.0023
    ],
    "min": -1.8828054578678334e-17,
    "max": 675514391531.0023,
    "mean": 8772914175.932377,
    "n_positive": 68
  },
  "gift_parameters": {
    "tau": 3.8967452300785634,
    "xi": 0.9817477042468103,
    "gamma": 0.5780542986425339
  },
  "mode_statistics": {
    "k_norm_min": 0.0,
    "k_norm_max": 4.264343321277312,
    "k_norm_mean": 3.5476419874140452
  },
  "grid_resolution": 10,
  "n_grid_points": 10000000,
  "success": false
}