{
  "n_forms": 21,
  "n_integration_points": 4096,
  "n_total_entries": 9261,
  "n_unique_entries": 1771,
  "n_nonzero": 0,
  "statistics": {
    "min": -4.854737488749206e-13,
    "max": 8.590650977038927e-13,
    "mean_abs": 3.569553710231453e-14,
    "std_abs": 4.230586014971824e-14
  },
  "top_10_indices": [
    [
      9,
      9,
      9
    ],
    [
      19,
      19,
      19
    ],
    [
      20,
      20,
      20
    ],
    [
      16,
      16,
      16
    ],
    [
      14,
      14,
      14
    ],
    [
      19,
      19,
      9
    ],
    [
      9,
      19,
      19
    ],
    [
      19,
      9,
      19
    ],
    [
      17,
      17,
      17
    ],
    [
      4,
      4,
      4
    ]
  ],
  "top_10_values": [
    8.590650977038927e-13,
    7.124720193159295e-13,
    -4.854737488749206e-13,
    4.2964996794722654e-13,
    -3.688636039406862e-13,
    3.5253034215768086e-13,
    3.5253034215768086e-13,
    3.5253034215768086e-13,
    3.5009213410208684e-13,
    -3.46345483759683e-13
  ],
  "computation_time_seconds": 0.4524505138397217
}