{
  "metadata": {
    "timestamp": "2026-01-22T12:09:24.802356",
    "H_star": 99,
    "b2": 21,
    "b3": 77,
    "grid": {
      "N": [
        1000,
        5000
      ],
      "k": [
        25
      ],
      "laplacian": [
        "symmetric"
      ]
    },
    "seeds": [
      42
    ]
  },
  "results": [
    {
      "N": 1000,
      "k": 25,
      "laplacian_type": "symmetric",
      "seed": 42,
      "ratio": 1.1785714285714286,
      "lambda1": 0.20474169285219637,
      "lambda1_x_Hstar": 20.269427592367443,
      "deviation_from_13_pct": 55.91867378744186,
      "deviation_from_14_pct": 44.78162565976745,
      "closer_to": "14"
    },
    {
      "N": 5000,
      "k": 25,
      "laplacian_type": "symmetric",
      "seed": 42,
      "ratio": 1.1785714285714286,
      "lambda1": 0.13582686055124546,
      "lambda1_x_Hstar": 13.446859194573301,
      "deviation_from_13_pct": 3.437378419794626,
      "deviation_from_14_pct": 3.9510057530478475,
      "closer_to": "13"
    }
  ],
  "analysis": {
    "global": {
      "count": 2,
      "mean": 16.85814339347037,
      "std": 3.4112841988970706,
      "min": 13.446859194573301,
      "max": 20.269427592367443,
      "median": 16.85814339347037
    },
    "by_laplacian_type": {
      "symmetric": {
        "count": 2,
        "mean": 16.85814339347037,
        "std": 3.4112841988970706,
        "closer_to_13": 1,
        "closer_to_14": 1
      }
    },
    "plateau_analysis": {
      "N_min": 5000,
      "count": 1,
      "mean": 13.446859194573301,
      "std": 0.0,
      "variation_pct": 0.0,
      "is_plateau": true,
      "plateau_value": 13,
      "deviation_from_13_pct": 3.437378419794626,
      "deviation_from_14_pct": 3.9510057530478475
    },
    "convergence": [
      {
        "N": 1000,
        "mean": 20.269427592367443,
        "std": 0
      },
      {
        "N": 5000,
        "mean": 13.446859194573301,
        "std": 0
      }
    ],
    "verdict": "PLATEAU_13"
  }
}