{
  "2_lag": {
    "lags": [
      8,
      21
    ],
    "coefficients": [
      1.4935194472336397,
      -0.4935838601755716
    ],
    "r2": 0.9999999774830088,
    "acf_21": 0.09127320222318312
  },
  "3_lag_42": {
    "lags": [
      8,
      21,
      42
    ],
    "coefficients": [
      1.2246592559717802,
      -0.051554462499803555,
      -0.17315721674523887
    ],
    "r2": 0.9999999818995929,
    "acf_21": -0.016074041154718183
  },
  "fibonacci": {
    "lags": [
      8,
      13,
      21,
      34
    ],
    "coefficients": [
      1.2785931077803725,
      -0.003254733061713727,
      -0.04834345093310857,
      -0.22704954913830097
    ],
    "r2": 0.9999999810857374,
    "acf_21": -0.06827097234166853
  },
  "gift_topology": {
    "lags": [
      8,
      21,
      77
    ],
    "coefficients": [
      1.1386758088426734,
      -0.05634234435070394,
      -0.08238568207676913
    ],
    "r2": 0.9999999831489512,
    "acf_21": 0.040336805490315875
  },
  "acf21_reduction_with_lag42": 117.61090962428776
}