{
  "recurrence": {
    "alpha": 1.4761904761904763,
    "beta": 0.47619047619047616,
    "lag_1": 8,
    "lag_2": 21,
    "formula": "\u03b3_n = (31/21)\u03b3_{n-8} - (10/21)\u03b3_{n-21}"
  },
  "topological_constants": {
    "b2": 21,
    "b3": 77,
    "H_star": 99,
    "dim_G2": 14,
    "rank_E8": 8,
    "p2": 2,
    "det_g": 2.03125,
    "kappa_T": 0.01639344262295082
  },
  "approaches": {
    "1_chern_simons": {
      "approach": "Chern-Simons",
      "levels": {
        "k1": 31,
        "k2": 21
      },
      "shifted_levels": {
        "k1_shifted": 35,
        "k2_shifted": 25
      },
      "level_ratio": 1.4761904761904763,
      "partition_ratio_large_k": 59.70286749565565,
      "insight": "31 and 21 may be CS levels; 35=5\u00d7dim(K\u2087), 25=Weyl\u00b2"
    },
    "2_harmonic_oscillator": {
      "approach": "Harmonic Oscillator",
      "characteristic_roots": [
        0.9761114079441148,
        1.0000000000000013
      ],
      "best_power_nu": 0.5,
      "best_power_exponent": 0.6666666666666666,
      "power_law_error": 0.03437854345904254,
      "det_g_correction": 0.9037198115705555,
      "insight": "Logarithmic potential matches density; G\u2082 metric gives corrections"
    },
    "3_discrete_lagrangian": {
      "approach": "Discrete Lagrangian",
      "action": 3008.332705003483,
      "normalized_action": 0.021299532213933915,
      "mean_residual": 2.3607954661050043,
      "exact_lagrangian": "L = (b\u2082/2)(\u03b3_n - (31/21)\u03b3_{n-8} + (10/21)\u03b3_{n-21})\u00b2",
      "fibonacci_lagrangian": "L_Fib = \u03b3_n - (31/21)\u03b3_n^(13/21) + 10/21",
      "insight": "Quadratic Lagrangian with b\u2082=21 prefactor gives exact recurrence"
    },
    "4_g2_yang_mills": {
      "approach": "G\u2082 Yang-Mills",
      "moduli_dimension": 21,
      "det_g": 2.03125,
      "b2_over_dim_G2": 1.5,
      "fluctuation_det": 40.2119385257662,
      "instanton_numbers": {
        "k1": 31,
        "k2": 10
      },
      "insight": "Moduli space dim = b\u2082 = 21 (one of the lags); 21/14 = 3/2"
    },
    "5_topological_effective_action": {
      "approach": "Topological Effective Action",
      "action_formula": "S = (det(g))^(1/7) \u00d7 (b\u2082/2) \u00d7 \u03a3[R_n]\u00b2",
      "residual_formula": "R_n = \u03b3_n - (31/21)\u03b3_{n-8} + (10/21)\u03b3_{n-21}",
      "prefactor": 11.618645365041045,
      "topological_constants": {
        "b2": 21,
        "rank_E8": 8,
        "p2": 2,
        "sum_31": 31,
        "sum_10": 10
      },
      "fibonacci_connection": {
        "lag_1": "rank(E\u2088) = F\u2086 = 8",
        "lag_2": "b\u2082 = F\u2088 = 21",
        "gap": 2
      },
      "insight": "Complete action from K\u2087 \u00d7 E\u2088 topology; EOM gives exact recurrence"
    }
  },
  "synthesis": {
    "action_gift": 360318.1953114139,
    "action_per_dof": 36.03181953114139,
    "null_action_mean": 49216342268.46833,
    "null_action_std": 44709329034.96751,
    "z_score": 1.1007989386685009,
    "formula": {
      "prefactor": "b\u2082/2 = 21/2",
      "coeff_alpha": "(b\u2082 + r + p\u2082)/b\u2082 = 31/21",
      "coeff_beta": "(r + p\u2082)/b\u2082 = 10/21",
      "lag_1": "r = rank(E\u2088) = 8",
      "lag_2": "b\u2082 = 21"
    }
  },
  "lagrangian_formula": {
    "discrete": "L = (b\u2082/2) \u00d7 [\u03b3_n - (31/21)\u03b3_{n-8} + (10/21)\u03b3_{n-21}]\u00b2",
    "continuous_hint": "L_eff = (det(g))^(1/7) \u00d7 L_discrete + CS corrections",
    "equation_of_motion": "\u03b3_n = (31/21)\u03b3_{n-8} - (10/21)\u03b3_{n-21}"
  }
}