{
  "spectral_gap": 0.1414141414141414,
  "companion_eigenvalues": [
    "-1.0670738503+0.0000000000j",
    "0.7600458882+0.7452795430j",
    "0.7600458882+-0.7452795430j",
    "-0.0194502442+1.0559992964j",
    "-0.0194502442+-1.0559992964j",
    "-0.7179355195+0.7522600867j",
    "-0.7179355195+-0.7522600867j",
    "1.0000000000+0.0000000000j",
    "0.9761114079+0.0000000000j",
    "-0.7193856549+0.6021218015j"
  ],
  "dominant_eigenvalue_modulus": 1.0670738502534545,
  "phi": 1.618033988749895,
  "H_GIFT_first_eigenvalues": [
    -0.22556203785542248,
    -0.22554895974157005,
    -0.20754988467113963,
    -0.2073672849659253,
    -0.17926220690966574,
    -0.17840274127960673,
    -0.14306106049672543,
    -0.14059741233475706,
    -0.10175885724998794,
    -0.09663592634767927
  ],
  "recurrence": {
    "a": 1.4761904761904763,
    "b": -0.47619047619047616,
    "lag1": 8,
    "lag2": 21
  },
  "gift_constants": {
    "dim_G2": 14,
    "b2": 21,
    "H_star": 99,
    "rank_E8": 8
  },
  "verification": {
    "r_squared": 0.9999999981239142,
    "offset": 1.458219779521546
  }
}