{
  "test1_fft": {
    "description": "FFT of oscillatory corrections",
    "delta_mean_abs": 7.281049431954496,
    "delta_relative": 0.0026035499089618174,
    "lag8_fft_power": 3864.1832052386103,
    "lag21_fft_power": 780.8683207193473
  },
  "test2_recurrence": {
    "description": "Recurrence on corrections",
    "R_delta_std": 0.38924864913769175,
    "delta_std": 6.124306378475415,
    "ratio_R_over_delta": 0.042270306769249553,
    "fibonacci_captures_pct": 95.77296932307505
  },
  "test3_autocorrelation": {
    "description": "Spacing autocorrelation",
    "R_8": -0.005090525695143312,
    "R_21": -0.0017980710908314368,
    "R_8_zscore": 0.5090525695143312,
    "R_21_zscore": 0.17980710908314368,
    "fib_mean_abs_R": 0.0094854537303428,
    "nonfib_mean_abs_R": 0.00820789402578716,
    "fib_to_nonfib_ratio": 1.1556501217659325
  }
}