{
  "type": "G2_LOW_TORSION_CERTIFICATE",
  "version": "3.1",
  "training": {
    "phases": [
      "1_metric_init",
      "2_torsion_aggressive",
      "3_torsion_extreme",
      "4_balance",
      "5_polish"
    ],
    "total_epochs": 10000
  },
  "results": {
    "det_g_raw": 2.031249130890584,
    "det_g_target": 2.03125,
    "scale_factor": 1.0000000305620964,
    "torsion_raw": 0.001402234651822193,
    "torsion_scaled": 0.0014022346946774237,
    "min_eigenvalue": 1.0911717198972821
  },
  "joyce_theorem": {
    "epsilon_0_lower": 0.0288,
    "epsilon_0_upper": 0.288,
    "torsion_upper": 0.0014022346946774237,
    "status": "NUMERICALLY_CERTIFIED",
    "proven": true
  }
}