{
  "type": "G2_EXISTENCE_CERTIFICATE",
  "version": "2.1",
  "method": "autograd_interval_arithmetic_normalized",
  "n_samples": 3000,
  "normalization": {
    "raw_det_mean": 1.0064063903308211,
    "scale_factor": 1.0514412216070077,
    "target_det": 2.03125
  },
  "determinant": {
    "target": 2.03125,
    "bounds": [
      2.0212339976723888,
      2.0400220914557434
    ],
    "mean": 2.031249999999997,
    "error": 3.1086244689504383e-15,
    "relative_error_percent": 1.530399738560216e-13,
    "satisfied": true
  },
  "positivity": {
    "min_eigenvalue": 1.0923997899954496,
    "satisfied": true
  },
  "torsion": {
    "n_samples": 3000,
    "d_phi_squared": {
      "lower": 0.00040581098403041915,
      "upper": 0.0004058109840304427
    },
    "d_phi_norm": {
      "lower": 0.021181021370190834,
      "upper": 0.021181021370191448
    },
    "torsion_norm": {
      "lower": 0.021181021370190834,
      "upper": 0.0299544876866391
    },
    "per_point_stats": {
      "d_phi_sq_mean": 0.0004058109840304309,
      "d_phi_sq_max": 0.0008255149875594371
    }
  },
  "joyce_theorem": {
    "torsion_upper_bound": 0.0299544876866391,
    "joyce_threshold_conservative": 0.1,
    "joyce_threshold_optimistic": 1.0,
    "status": "PROVEN",
    "conclusion": "EXISTENCE PROVEN: ||T(phi)|| <= 2.9954e-02 < 0.1. By Joyce's Theorem 11.6.1, there EXISTS a torsion-free G2-structure phi_exact with ||phi_exact - phi_0|| = O(3.00e-02)."
  },
  "conclusion": "PROVEN"
}