{
  "part0_baseline": {
    "data_source": "Odlyzko zeros6 (www-users.cse.umn.edu/~odlyzko/zeta_tables/)",
    "accuracy": "4e-9",
    "n_zeros": 2001052,
    "alpha_global": 0.9996941961674561,
    "n_windows": 50,
    "base_fit": {
      "c1": -0.02321579707924592,
      "c2": -0.35047048896717314,
      "shape_ratio": 15.096207456106733,
      "R2": 0.3154921230676374,
      "residual_drift_p": 0.9851134583460157
    },
    "base_alphas": [
      0.9983298740028624,
      0.9996546081337208,
      0.9994265612951359,
      0.9994655181272382,
      0.9999022761928142,
      0.9995574766507409,
      0.9987911155317084,
      0.9995880653171085,
      0.9997070191977374,
      0.9993881131093032,
      0.9997742278944656,
      0.9998465473166016,
      0.9993007817224832,
      0.9996082476661076,
      0.9997957262473622,
      0.999580153342228,
      0.9996977645024987,
      0.9995449316662955,
      0.9995930912193003,
      0.9997482166477839,
      0.999819374442021,
      1.0001277849551478,
      0.9989709797881219,
      1.0003851820770198,
      0.9996035403699675,
      0.9997779502353903,
      0.9998396015471986,
      0.9999467442891341,
      0.999856907201824,
      0.9999395237932852,
      0.9995187172727062,
      0.9999886580586089,
      0.9994885187939992,
      0.9998355715917536,
      0.9989706430136868,
      0.9998131616030824,
      0.9995917913799691,
      1.0002474493985598,
      0.9998760253537657,
      0.9999220434892337,
      1.0000758116546424,
      0.9997851414071921,
      1.0002822363159625,
      0.9994671644314257,
      0.9999298493164573,
      0.9997305884729233,
      0.9998089652880294,
      1.0000806018509416,
      0.9995002601699766,
      1.00022869393706
    ],
    "base_T_mids": [
      18054.691803781,
      47553.334207674,
      74956.937371869,
      101301.344269247,
      126947.067256868,
      152076.342953092,
      176798.077978184,
      201185.90450757,
      225291.188722028,
      249152.288167763,
      272799.172606139,
      296255.165965144,
      319539.773103185,
      342668.662171008,
      365655.119270521,
      388510.351720952,
      411244.787743668,
      433865.918094005,
      456381.932923333,
      478798.511327752,
      501122.454876094,
      523358.569304704,
      545511.548344621,
      567585.883948459,
      589585.485972732,
      611513.04968916,
      633372.793804612,
      655166.631132766,
      676898.300390454,
      698569.490078674,
      720183.410472503,
      741742.088032405,
      763246.530392864,
      784699.61797091,
      806102.52001548,
      827457.78821425,
      848766.002665617,
      870029.136314775,
      891248.381594982,
      912425.088866902,
      933560.766204357,
      954656.273921854,
      975712.413226042,
      996730.826740759,
      1017712.224747473,
      1038657.89668852,
      1059568.510408057,
      1080444.477514981,
      1101287.064031922,
      1122098.083392632
    ],
    "elapsed_s": 268.84861278533936
  },
  "test1_bootstrap": {
    "n_bootstrap": 2000,
    "d_mean": 17.08864673283646,
    "d_std": 44.50448502861051,
    "d_ci_95": [
      14.142410165171864,
      26.30615462047608
    ],
    "d_gift_in_ci": false,
    "d_z_score": -0.1166601860333894,
    "c1_mean": -0.021507888260097578,
    "c1_std": 0.00882749502279636,
    "c1_ci_95": [
      -0.03544343532871109,
      -0.0029382201413773283
    ],
    "c1_gift_in_ci": false,
    "c1_z_score": 27.827640319348934,
    "c2_mean": -0.3281683766619289,
    "c2_std": 0.11450864813883467,
    "R2_mean": 0.3039795328186442,
    "frac_resid_pass": 0.9995,
    "elapsed_s": 0.582843542098999
  },
  "test2_lee": {
    "n_total_combinations": 1704,
    "n_effective_targets": 9,
    "n_within_1pct": 5,
    "n_within_01pct": 0,
    "top_20_matches": [
      {
        "expr": "tau * tau",
        "value": 15.184623388140036,
        "rel_error": 0.00585683074973491,
        "abs_error": 0.08841593203330333
      },
      {
        "expr": "b0 + dim_G2",
        "value": 15.0,
        "rel_error": 0.006372955352293771,
        "abs_error": 0.09620745610673254
      },
      {
        "expr": "dim_K7 + rank_E8",
        "value": 15.0,
        "rel_error": 0.006372955352293771,
        "abs_error": 0.09620745610673254
      },
      {
        "expr": "two_b2 - dim_J3O",
        "value": 15.0,
        "rel_error": 0.006372955352293771,
        "abs_error": 0.09620745610673254
      },
      {
        "expr": "N_gen * Weyl",
        "value": 15.0,
        "rel_error": 0.006372955352293771,
        "abs_error": 0.09620745610673254
      },
      {
        "expr": "tau / M",
        "value": 14.901670222959279,
        "rel_error": 0.012886497069749751,
        "abs_error": 0.19453723314745375
      },
      {
        "expr": "D_bulk + tau",
        "value": 14.896745230078563,
        "rel_error": 0.01321273747781483,
        "abs_error": 0.1994622260281691
      },
      {
        "expr": "b3 / Weyl",
        "value": 15.4,
        "rel_error": 0.02012376583831175,
        "abs_error": 0.3037925438932678
      },
      {
        "expr": "two_b2 / e",
        "value": 15.450936529200579,
        "rel_error": 0.023497893369923917,
        "abs_error": 0.3547290730938464
      },
      {
        "expr": "dim_J3O * gamma",
        "value": 15.584822952341387,
        "rel_error": 0.032366771432847476,
        "abs_error": 0.4886154962346545
      },
      {
        "expr": "dim_G2 + gamma",
        "value": 14.577215664901534,
        "rel_error": 0.03437895197944275,
        "abs_error": 0.5189917912051989
      },
      {
        "expr": "dim_G2 + phi",
        "value": 15.618033988749895,
        "rel_error": 0.03456673036326568,
        "abs_error": 0.5218265326431624
      },
      {
        "expr": "Weyl * pi",
        "value": 15.707963267948966,
        "rel_error": 0.04052380795779042,
        "abs_error": 0.611755811842233
      }
    ],
    "p_lee_bonferroni": 1.0,
    "p_lee_empirical": 0.10061606106821064,
    "p_lee": 0.10061606106821064,
    "gap_ratio": 1.0881235303892334,
    "best_match": {
      "expr": "tau * tau",
      "value": 15.184623388140036,
      "rel_error": 0.00585683074973491,
      "abs_error": 0.08841593203330333
    },
    "elapsed_s": 0.0006978511810302734
  },
  "test3_permutation": {
    "n_permutations": 10000,
    "d_observed": 15.096207456106733,
    "d_predicted": 11.896745230078563,
    "d_null_mean": 7.78559684382328,
    "d_null_std": 422.78798358931556,
    "n_close_d": 2793,
    "p_value_d": 0.2793720627937206,
    "c1_observed": -0.02321579707924592,
    "c1_predicted": 0.22414046815512242,
    "n_close_c1": 9998,
    "p_value_c1": 0.9998000199980002,
    "R2_observed": 0.3154921230676374,
    "R2_null_mean": 0.021106422672789265,
    "n_better_R2": 2,
    "p_value_R2": 0.00029997000299970003,
    "elapsed_s": 2.349069595336914
  },
  "test4_jackknife": {
    "d_jack_mean": 15.118288747205893,
    "d_jack_se": 1.5814955674192808,
    "d_jack_ci": [
      12.018557435064103,
      18.218020059347683
    ],
    "d_gift_in_ci": false,
    "c1_jack_mean": -0.02314130865801012,
    "c1_jack_se": 0.011623087340417103,
    "c1_jack_ci": [
      -0.04592255984522764,
      -0.0003600574707925998
    ],
    "c1_gift_in_ci": false,
    "most_influential": 0,