{
  "geometry": {
    "kappa_T": 0.01629680208861828,
    "kappa_T_target": 0.01639344262295082,
    "kappa_T_error_pct": 0.5895072594285063,
    "det_g": 2.03125,
    "det_g_target": 2.03125,
    "det_g_error_pct": 0.0
  },
  "breathing": {
    "flux_integral": -0.4999999701976776,
    "flux_target": -0.5,
    "occupation_vis": 0.9993860721588135,
    "occupation_target": 0.5584415584415584,
    "period_estimated": 0.33500837360390845,
    "period_target": 3.8967452300785634
  },
  "metric_fit": {
    "avg_r_squared": 0.00322102755948307
  },
  "training": {
    "total_epochs": 7000,
    "phase1_epochs": 5000,
    "phase2_epochs": 2000
  }
}