{
  "avg_r_squared": 0.00322102755948307,
  "r_squared": {
    "g_00": 0.004142769490185438,
    "g_01": 0.0023154520782127097,
    "g_02": 0.0031314299183370364,
    "g_03": 0.003852300738277248,
    "g_04": 0.005009407210187944,
    "g_05": 0.004478333346020658,
    "g_06": 0.002798077923583442,
    "g_11": 0.00218637769101504,
    "g_12": 0.0028599653212835197,
    "g_13": 0.0038532906428183633,
    "g_14": 0.0022565531891795,
    "g_15": 0.0037704172817543125,
    "g_16": 0.003573092504419062,
    "g_22": 0.0022287256374362574,
    "g_23": 0.003178040368026047,
    "g_24": 0.0028731760971586473,
    "g_25": 0.006018578005712261,
    "g_26": 0.001332587803868357,
    "g_33": 0.0033142055253456704,
    "g_34": 0.003555751874165458,
    "g_35": 0.002223146905923512,
    "g_36": 0.003912850758403086,
    "g_44": 0.0027850497866895862,
    "g_45": 0.002195342051191207,
    "g_46": 0.0027849896992236944,
    "g_55": 0.0031203803225864357,
    "g_56": 0.00353971746885684,
    "g_66": 0.0028987620256646363
  },
  "coefficients": {
    "g_00": [
      1.1004147479302127,
      -0.0012823289463613848,
      0.001099610654348484,
      0.0003102823392651925,
      -6.020448479973503e-05,
      8.126143422013056e-06,
      3.647770653705112e-06,
      -1.0817178758249952e-05,
      6.617379258934384e-06,
      3.541974946127985e-06,
      -8.106587806321231e-06,
      -9.76863665985651e-06,
      6.529411987713479e-06,
      1.0280404464417194e-05,
      -7.387529344385184e-06,
      -7.207170579831918e-06,
      2.1699752637693993e-05
    ],
    "g_01": [
      0.07040121154032604,
      -0.00021742548752145846,
      0.0002112561064286339,
      5.3850664495202645e-05,
      -4.824521912818219e-06,
      1.7221686440309268e-06,
      4.831546864304606e-07,
      -8.612326457343974e-07,
      3.5154344834565307e-07,
      9.125538186001345e-07,
      2.704107061726671e-07,
      -1.9305846618455675e-06,
      9.070321602754107e-07,
      8.874320595589382e-07,
      -2.2321789470736015e-07,
      -2.036451050458964e-06,
      -4.131705998884438e-09
    ],
    "g_02": [
      0.06073811231442609,
      0.0002132218945901787,
      -0.00027396482479861875,
      -6.6874528723959e-05,
      -1.603853041279582e-05,
      -2.926742719139138e-07,
      -2.0191269534244804e-08,
      -2.5690899678816425e-06,
      -4.0340039693431724e-07,
      1.291344225209564e-07,
      -1.128278964788012e-06,
      6.977014088159758e-07,
      8.078402726730793e-07,
      4.615349135288042e-06,
      -6.646589157012419e-07,
      -6.748605871912695e-07,
      1.7837512865253356e-06
    ],
    "g_03": [
      0.06232086750493784,
      -8.109454431953699e-05,
      7.284602070795448e-05,
      2.0985262416040852e-05,
      -1.8109694474763863e-06,
      8.991092756517659e-07,
      -1.7100498997954477e-07,
      5.947097131455518e-07,
      1.4033048707997468e-06,
      -1.873877658524072e-06,
      4.115403573499884e-07,
      -9.133881651908068e-07,
      4.850955235633744e-07,
      -1.789404236319337e-06,
      -1.4294339689090125e-06,
      3.4405285046520875e-06,
      1.0923523210563635e-06
    ],
    "g_04": [
      0.07023998457162735,
      -0.00017484392977336498,
      0.00019818292667886755,
      5.4213046802208706e-05,
      1.0264563809806824e-05,
      -9.104221339488383e-07,
      7.561173971499609e-07,
      -1.3549798749771645e-07,
      5.421952326734395e-07,
      1.689937619182808e-06,
      -1.6738225883782199e-06,
      2.0525105151080123e-06,
      -2.2778082500600832e-07,
      -1.5024774092168092e-07,
      6.056552451787978e-07,
      -3.5294185525123334e-06,
      2.5288835465844755e-06
    ],
    "g_05": [
      0.05925567450319916,
      -0.0001588848102758995,
      0.00011471270506591464,
      3.146315723988775e-05,
      -2.1245090374939385e-05,
      1.004775472778288e-06,
      -1.6654763032019086e-06,
      -4.544133448114544e-07,
      8.1881941825197e-07,
      3.252961236959225e-07,
      -6.248508061342553e-09,
      -1.7224458884453867e-06,
      2.5109209603336067e-06,
      -7.239863107000471e-07,
      -1.5489523552345298e-06,
      -1.2700241175376288e-06,
      1.5971438542930761e-06
    ],
    "g_06": [
      0.056957134910346895,
      1.5411864285224595e-05,
      1.2723320141723347e-05,
      2.144203407413334e-06,
      1.1266079439314022e-05,
      4.1535723011426193e-07,
      1.8321226542130764e-06,
      -3.9630992001089333e-07,
      -5.048461451156818e-07,
      -2.718610618809246e-07,
      -6.427176549749992e-07,
      -1.8792127834542215e-06,
      -2.3430066159422837e-06,
      8.605041984215614e-07,
      5.576036606664041e-07,
      2.3599605248053676e-06,
      5.115258996223962e-07
    ],
    "g_11": [
      1.1857456421333523,
      -0.0011893606908134184,
      0.0012802472485554928,
      0.0003206519767433179,
      -3.678709308310096e-05,
      -8.811553287791346e-07,
      2.89976231154089e-06,
      8.314927771651836e-06,
      -1.3202261490423959e-06,
      1.4896855043208533e-05,
      9.583568288956747e-06,
      -3.197005463270111e-06,
      -4.5271073169320206e-07,
      -1.7760368495629816e-05,
      -1.6525848808294547e-06,
      -2.3667013365689634e-05,
      -1.811427966944004e-05
    ],
    "g_12": [
      0.06602277700867187,
      -0.00023978939289057458,
      0.0002532720978887712,
      6.556588042235984e-05,
      -1.0193440937555084e-06,
      1.082278703622184e-07,
      -4.651597724797359e-07,
      9.626699214011164e-07,
      2.115377201550339e-06,
      3.650844117927586e-07,
      -5.866885282367356e-07,
      -9.98030558139496e-07,
      7.447803642229296e-07,
      -2.011993229327031e-06,
      -3.3885646842419133e-06,
      -6.454283904359024e-07,
      2.0781603886061806e-08
    ],
    "g_13": [
      0.07201666749530955,
      0.00032736454572210294,
      -0.0003651182127950267,
      -8.806860353084643e-05,
      -1.1542423498954718e-05,
      -1.2032953665661682e-06,
      -3.3100044410107955e-08,
      1.9250868525041537e-06,
      -1.1745142313300553e-06,
      -2.5749360527508556e-07,
      -5.210928929564027e-07,
      2.2133604572842264e-06,
      -3.4117722123955694e-08,
      -2.9465393576336713e-06,
      2.2935205039191206e-06,
      1.0651160975808236e-06,
      -1.9896991270628592e-07
    ],
    "g_14": [
      0.06644536747504343,
      8.634690307904974e-06,
      5.827347676007829e-05,
      1.2458388145323606e-05,
      2.1384010546777936e-05,
      -8.965879411659566e-07,
      7.119025449748054e-07,
      5.139713922789783e-07,
      -7.268267567406025e-08,
      5.957963164866466e-07,
      1.8027995533735395e-06,
      8.556357884732336e-07,
      -1.7639611442168235e-06,
      -1.1268123950717893e-06,
      8.002140099395334e-07,
      4.3654507188686953e-07,
      -3.2784973398892535e-06
    ],
    "g_15": [
      0.07379081335705738,
      -0.00019719862367032745,
      0.00021038966124103988,
      5.1162260838856986e-05,
      -3.028351630076897e-06,
      5.569044300721408e-07,
      -9.056784410195011e-07,
      5.324781954552681e-08,
      -3.623518457463206e-07,
      1.8390599989036756e-06,
      1.4354190037697211e-06,
      -2.3398022835041946e-06,
      2.0502188139626977e-06,
      2.739074628508362e-07,
      -9.722996378489392e-07,
      -3.898663699827336e-06,
      -1.9608245300434238e-06
    ],
    "g_16": [
      0.061303711731965145,
      -0.00010632251918097266,
      8.983322777355485e-05,
      1.940530308961799e-05,
      -1.3644410586824651e-05,
      -7.237081576336543e-07,
      1.4460271426386734e-06,
      2.750704689476544e-07,
      -1.2941399610672788e-06,
      1.7624211052480941e-06,
      9.321302955575154e-07,
      1.3319342946289599e-06,
      -2.5646980629086077e-06,
      -1.3649886916779675e-06,
      8.702481111567733e-07,
      -3.1318006332184734e-06,
      -8.547620365812183e-07
    ],