{
  "n_forms": 21,
  "det_gram": 0.9994122982025146,
  "gram_error": 0.034305114299058914,
  "eigenvalues": [
    0.9860147833824158,
    0.9884907603263855,
    0.9910088777542114,
    0.9915892481803894,
    0.993165135383606,
    0.9938842058181763,
    0.9953370690345764,
    0.996466338634491,
    0.9980977177619934,
    0.9995766282081604,
    1.0007383823394775,
    1.0011886358261108,
    1.002508521080017,
    1.0038584470748901,
    1.0046814680099487,
    1.0053168535232544,
    1.0054926872253418,
    1.0077074766159058,
    1.010181188583374,
    1.0110149383544922,
    1.0136812925338745
  ],
  "validation_pass": true,
  "n_eigenvalues_in_tolerance": 21
}