{
  "kappa_T": 0.01639344262295082,
  "tau": 3.8967452300785634,
  "b2": 21,
  "b3": 77
}