{
  "metadata": {
    "timestamp": "2026-01-25T11:18:27.751091",
    "notebook": "K7_Spectral_v3_Proper.ipynb",
    "method": "Normalized Laplacian with topological TCS metric"
  },
  "constants": {
    "H_star": 99,
    "det_g": 2.03125,
    "dim_G2": 14
  },
  "calibration_S3": {
    "N": 5000,
    "lambda_1_normalized": 0.03633207032727212,
    "expected_true_lambda_1": 3
  },
  "ratio_scan": {
    "ratios": [
      0.8,
      0.8500000000000001,
      0.9,
      0.9500000000000001,
      1.0,
      1.05,
      1.1,
      1.15,
      1.2,
      1.25,
      1.3,
      1.35,
      1.4,
      1.45,
      1.5
    ],
    "lambda1_values": [
      0.05004891558761556,
      0.05774920789981337,
      0.06612313025382985,
      0.07577410333595465,
      0.08542992876118598,
      0.09617562095881822,
      0.10765342964036567,
      0.11924527423505403,
      0.13188262916227322,
      0.14434775892661603,
      0.15782124345246368,
      0.17087590069348335,
      0.18026020103482113,
      0.17443993330791466,
      0.16734127887944097
    ]
  },
  "high_resolution": {
    "N": 20000,
    "k": 50,
    "optimal_ratio": 1.1785714285714286,
    "n_seeds": 5,
    "lambda1_runs": [
      0.10191952862042633,
      0.10310446442133525,
      0.10065038532770051,
      0.10102204428756502,
      0.10345665471842214
    ],
    "lambda1_mean": 0.10203061547508985,
    "lambda1_std": 0.001106465622802873
  },
  "final_result": {
    "lambda1_times_Hstar": 10.101030932033895,
    "target_13": 13,
    "target_14": 14,
    "deviation_from_13_percent": 22.299762061277733,
    "deviation_from_14_percent": 27.849779056900747
  }
}