{
  "likelihood_ratio": {
    "gift_log_likelihood": -3677101.722557089,
    "alt_log_likelihood_mean": -1.0108887575808628e+30,
    "alt_log_likelihood_std": 1.440584341055622e+31,
    "alt_log_likelihood_max": -11813046.447184384,
    "n_alternatives_tested": 10000,
    "n_alternatives_better": 0,
    "p_value": 0.0,
    "lr_statistic_mean": 2.0217775151617257e+30,
    "lr_statistic_std": 2.881168682111244e+31
  },
  "bayesian": {
    "log_evidence_gift": -3677101.722557089,
    "log_evidence_mean_alt": -1.0109898565665196e+30,
    "log_bayes_factor": 8135953.934867663,
    "bayes_factor": 1.0142320547350045e+304,
    "posterior_probability_gift": 1.0,
    "n_models_compared": 10000
  },
  "permutation": {
    "observed_statistic": 7354344.957933123,
    "permuted_mean": 2.0217775151617257e+30,
    "permuted_std": 2.881168682111244e+31,
    "permuted_min": 23626234.40718771,
    "p_value": 0.0,
    "effect_size_cohens_d": 0.07017213284715496,
    "n_permutations": 10000
  },
  "cross_validation": {
    "gift_cv_mean": 1470868.9915866244,
    "gift_cv_std": 2911983.613861738,
    "alt_cv_mean_avg": 5.776517186253388e+29,
    "alt_cv_mean_min": 51446587.75563269,
    "p_value": 0.0,
    "k_folds": 5,
    "n_alternatives": 2000
  },
  "information_theoretic": {
    "gift_kl_divergence": 3677172.4789665616,
    "alt_kl_mean": 1.0108887575808628e+30,
    "alt_kl_min": 11813117.203593856,
    "alt_kl_std": 1.4405843410556222e+31,
    "p_value": 0.0,
    "n_alternatives": 10000
  }
}