{
  "b3_effective": 76,
  "b3_target": 77,
  "gap_position": 75,
  "gap_magnitude": 29.699617385864258,
  "local_contribution": 3.273178683476397e-08,
  "global_contribution": 0.999999904901537,
  "match": true,
  "eigenvalues_first_100": [
    -5.879879694248302e-09,
    -4.136923692499295e-09,
    -2.6961384236301456e-09,
    -2.4206912030422245e-09,
    -2.285473366114843e-09,
    -1.6741380504115e-09,
    -1.523406290004914e-09,
    -1.3967893508493034e-09,
    -1.3647483143586214e-09,
    -1.1237859531831873e-09,
    -8.636699688757687e-10,
    -7.059565709788274e-10,
    -3.29751725924865e-10,
    -1.0934427668862767e-10,
    -9.530998906770449e-11,
    2.917512897937513e-10,
    3.346123655934008e-10,
    5.027815941360814e-10,
    5.726026319763378e-10,
    6.765318305568258e-10,
    1.0565081032254398e-09,
    1.335537236357709e-09,
    1.5228006633449809e-09,
    1.6109141798281712e-09,
    1.8850445648865843e-09,
    2.1024966212479512e-09,
    2.8647728633757197e-09,
    2.9158435665976867e-09,
    2.921189068416652e-09,
    3.3581197822485365e-09,
    3.428967776386571e-09,
    3.4974771967455354e-09,
    4.830663424826298e-09,
    5.611391351578732e-09,
    5.835647964858026e-09,
    0.004823724273592234,
    0.005069923587143421,
    0.005338629242032766,
    0.0054517523385584354,
    0.006064982153475285,
    0.006113042123615742,
    0.006568781565874815,
    0.0068189059384167194,
    0.006852264981716871,
    0.007371543440967798,
    0.007856049574911594,
    0.008372250944375992,
    0.008897660300135612,
    0.009253984317183495,
    0.009648822247982025,
    0.0097812470048666,
    0.01038074679672718,
    0.01082345936447382,
    0.01164619904011488,
    0.011833596043288708,
    0.012259564362466335,
    0.012477089650928974,
    0.01314306166023016,
    0.013409743085503578,
    0.014099178835749626,
    0.014935873448848724,
    0.015584665350615978,
    0.016030339524149895,
    0.016385678201913834,
    0.01727280020713806,
    0.018250372260808945,
    0.019251178950071335,
    0.01941271871328354,
    0.021215876564383507,
    0.02168639563024044,
    0.02233790047466755,
    0.02449391409754753,
    0.026570722460746765,
    0.027143066748976707,
    0.030018771067261696,
    0.03515968844294548,
    0.05771305784583092
  ]
}