{
  "b3_effective": 53,
  "b3_target": 77,
  "gap_position": 52,
  "gap_magnitude": 9.493937492370605,
  "eigenvalues_first_10": [
    -1.4723666197369312e-07,
    -1.0777042547260862e-07,
    -9.71061879795343e-08,
    -7.697134662976168e-08,
    -7.352029030016638e-08,
    -6.025500454143184e-08,
    -5.946981218585279e-08,
    -3.9707451549020334e-08,
    -3.571296147697467e-08,
    -3.2941958494348e-08
  ],
  "eigenvalues_around_gap": [
    0.22731664776802063,
    0.3225884735584259,
    0.33052197098731995,
    0.3310028910636902,
    0.3322106897830963,
    0.34326043725013733,
    0.46373632550239563,
    0.46981149911880493,
    0.4711148738861084,
    0.4756295680999756
  ]
}