{
  "surface": "CI(2,2,2) in P^5",
  "k": 4,
  "N_sect": 126,
  "n_params": 31752,
  "sigma_final": 0.00026270465580714177,
  "eta_Cinf": 0.3855150083232459,
  "eta_L2": 0.07117363928926888,
  "beta": 0.25,
  "lam_min_global": 0.4522104848814473,
  "lam_min_p01": 0.5640390503915796,
  "lam_min_median": 1.1077661703270425,
  "omega_sup": 4.8901113102123155,
  "omega_p99": 3.143269760747091,
  "omega_L2": 0.8148990349722484,
  "h_A": 0.47130282561452497,
  "h_B": 0.30294441699415553,
  "h_C": 0.014499832493072028,
  "h_satisfied_C": true,
  "margin_C": 34.48315697708221,
  "g2_context": {
    "cymyc_sigma": 0.011,
    "sigma_improvement_factor": 41.9,
    "fr\u00e9chet_delta_K3_improvement": 41.9
  }
}