{
  "coifman_lafon": {
    "statistics": {
      "mean_lambda_times_H": 94.64711347031938,
      "std_lambda_times_H": 38.82124815280596,
      "min_lambda_times_H": 18.999707162298165,
      "max_lambda_times_H": 191.0045990613102,
      "target": 14.0,
      "h99_spread": 0.016636426554512758
    },
    "calibration": {
      "sphere": {
        "dim": 7,
        "n_points": 2000,
        "method": "coifman_lafon",
        "lambda_1_numerical": 1541.4027065258633,
        "lambda_1_analytical": 7.0,
        "calibration_factor": 0.004541318093165387
      },
      "torus": {
        "dim": 7,
        "n_points": 2000,
        "method": "coifman_lafon",
        "lambda_1_numerical": 1396.099399395137,
        "lambda_1_analytical": 1.0,
        "calibration_factor": 0.0007162813768369588
      }
    }
  },
  "naive": {
    "statistics": {
      "mean_lambda_times_H": 94.64705882352932,
      "std_lambda_times_H": 38.8207663900931,
      "min_lambda_times_H": 19.000000000000068,
      "max_lambda_times_H": 191.0000000000002,
      "target": 14.0,
      "h99_spread": 6.603023403023157e-13
    }
  }
}