{
  "Small": {
    "H_star": 36,
    "n_points": 500,
    "eigenvalues": [
      6.543142215092265e-17,
      0.7351482309020346,
      0.7442874586510839,
      0.7541927555887231,
      0.7646524044836984
    ],
    "lambda_1": 0.7351482309020346,
    "gift_prediction": 0.3888888888888889,
    "lambda_times_H": 26.465336312473248,
    "mean_det_g": 15.361328124999979,
    "deviation_percent": 89.03811651766604
  },
  "Joyce_J1": {
    "H_star": 56,
    "n_points": 500,
    "eigenvalues": [
      2.497986972807367e-16,
      0.7622396920750479,
      0.7721279861363343,
      0.7817436727325313,
      0.7890448723653755
    ],
    "lambda_1": 0.7622396920750479,
    "gift_prediction": 0.25,
    "lambda_times_H": 42.685422756202684,
    "mean_det_g": 6.348304088502784,
    "deviation_percent": 204.89587683001918
  },
  "K7_GIFT": {
    "H_star": 99,
    "n_points": 500,
    "eigenvalues": [
      8.326636413736298e-17,
      0.794577986901138,
      0.8031677680230611,
      0.8126036938213361,
      0.8162466008279634
    ],
    "lambda_1": 0.794577986901138,
    "gift_prediction": 0.1414141414141414,
    "lambda_times_H": 78.66322070321266,
    "mean_det_g": 2.292646484374999,
    "deviation_percent": 461.8801478800904
  },
  "Large": {
    "H_star": 150,
    "n_points": 500,
    "eigenvalues": [
      -6.308406123860499e-16,
      0.8163445097292621,
      0.8264322703203163,
      0.8304151409016644,
      0.8379354265011085
    ],
    "lambda_1": 0.8163445097292621,
    "gift_prediction": 0.09333333333333334,
    "lambda_times_H": 122.45167645938932,
    "mean_det_g": 0.8848125058994374,
    "deviation_percent": 774.6548318527807
  }
}