{
  "version": "v0.8",
  "implementation": "rigorous_geometry",
  "final_torsion_closure": 0.016475345939397812,
  "final_torsion_coclosure": 0.01407763920724392,
  "final_det_gram_h2": 1.0021008253097534,
  "rank_h2": 21,
  "training_time_hours": 3.968100520968437,
  "total_epochs": 1000,
  "resumed_from_checkpoint": true,
  "checkpoint_epoch": 8000,
  "gift_params": {
    "tau": 3.8967452300785634,
    "xi": 0.9817477042468103,
    "gamma": 0.5780542986425339,
    "phi": 1.618033988749895,
    "beta0": 0.39269908169872414,
    "delta": 0.25132741228718347,
    "b2": 21,
    "b3": 77,
    "chi": 0,
    "h_star": 99,
    "b2_m1": 11,
    "b3_m1": 40,
    "b2_m2": 10,
    "b3_m2": 37,
    "dim_su3": 8,
    "dim_su2": 3,
    "dim_u1": 1,
    "dim_hidden": 9
  },
  "notes": "First ML implementation of full TCS G\u2082 with rigorous d\u03c6 and d*\u03c6 operators"
}