{
  "test_points": 12187,
  "statistics": {
    "d_phi": {
      "mean": 3.4923591556434985e-06,
      "std": 1.1795326599894906e-06,
      "max": 1.0564280273683835e-05,
      "median": 3.2838968309079064e-06,
      "q95": 5.647707439493388e-06,
      "q99": 7.080478098941967e-06
    },
    "d_phi_dual": {
      "mean": 2.1917725234743557e-07,
      "std": 8.637896087293484e-08,
      "max": 8.518257459400047e-07,
      "median": 2.061312756040934e-07,
      "q95": 3.809066413396067e-07,
      "q99": 4.786630825037719e-07
    },
    "torsion_total": {
      "mean": 3.7115362374606775e-06,
      "std": 1.2525055126388907e-06,
      "max": 1.1173153325216845e-05,
      "median": 3.4842696550185792e-06,
      "q95": 5.983606570225675e-06,
      "q99": 7.5158895924687386e-06
    }
  },
  "pass_rates": {
    "threshold_1e4": 100.0,
    "threshold_1e5": 99.90153442192499,
    "threshold_1e6": 0.0
  },
  "verdict": "EXCEPTIONAL - Globally torsion-free"
}