{
  "geometric_terms": {
    "identity": 11.046161497261572,
    "hyperbolic_fib": 0.015118389722671495,
    "elliptic": -0.014744731900702671,
    "parabolic": -0.21520776082142942
  },
  "spectral_terms": {
    "maass": 0.468268169394776
  },
  "geodesic_weights": {
    "w_8": 0.020495663855428763,
    "w_21": 3.932111660889057e-05
  },
  "zero_sums": {
    "S_ell8_10k": -1919.9546025670872,
    "S_ell21_10k": -333.87218869030363,
    "fibonacci_combo": -384.82335890507346
  },
  "recurrence_test": {
    "mean_c": 1.3531533842544263,
    "std": 0.45544478076534234
  },
  "constants": {
    "phi": 1.618033988749895,
    "log_phi": 0.48121182505960347,
    "ell_8": 7.6993892009536555,
    "ell_21": 20.210896652503347,
    "a_fib": 1.4761904761904763,
    "b_fib": -0.47619047619047616
  }
}