{
  "timestamp": "2026-01-21T16:24:54.990574",
  "notebook": "G2_NonSeparable_Perturbation_v1",
  "constants": {
    "H_star": 99,
    "dim_G2": 14,
    "det_g": 2.03125,
    "target_lambda_H": 14,
    "separable_lambda_H": 19.739208802178716
  },
  "results": {
    "epsilon_star": null,
    "coarse_scan": {
      "epsilon": [
        0.0,
        0.1,
        0.2,
        0.30000000000000004,
        0.4,
        0.5,
        0.6000000000000001,
        0.7000000000000001,
        0.8,
        0.9,
        1.0
      ],
      "lambda1_H_mean": [
        11.694558789366647,
        11.684982566750461,
        11.675399872766153,
        11.665810721951772,
        11.656215128915504,
        11.64661310833511,
        11.637004674958531,
        11.627389843603622,
        11.617768629158196,
        11.608141046580046,
        11.598507110897064
      ]
    }
  },
  "analysis": {
    "ratio_2pi2_14": 1.4099434858699083,
    "sqrt2": 1.4142135623730951,
    "pi2": 9.869604401089358,
    "dim_G2_over_sqrt2": 9.899494936611665
  }
}