{
  "timestamp": "2026-01-21T17:13:05.809770",
  "notebook": "G2_Quaternionic_Sampling_v5",
  "method": "Quaternionic S\u00b3 with geodesic distances",
  "parameters": {
    "n_points": 5000,
    "k_neighbors": 30,
    "seed": 42
  },
  "constants": {
    "H_star": 99,
    "dim_G2": 14,
    "det_g_target": 2.03125,
    "target_lambda_H": 14
  },
  "results_geodesic": {
    "ratios": [
      1.0,
      1.0414213562373096,
      1.082842712474619,
      1.1242640687119285,
      1.165685424949238,
      1.2071067811865475,
      1.248528137423857,
      1.2899494936611666,
      1.3313708498984762,
      1.3727922061357856,
      1.4142135623730951
    ],
    "lambda1_H": [
      8.555464056166816,
      9.752980100961006,
      11.046654884124559,
      12.439650300630978,
      13.889903011584636,
      15.438928794981475,
      17.054825557546508,
      18.61212536038402,
      18.631568544547587,
      17.90737975408279,
      17.218170748885395
    ],
    "det_g": [
      2.03125,
      2.03125,
      2.03125,
      2.03125,
      2.03125,
      2.03125,
      2.03125,
      2.03125,
      2.03125,
      2.03125,
      2.03125
    ],
    "alpha": [
      2.03125,
      1.7983902528000102,
      1.599805715719868,
      1.4294151659117549,
      1.2823875094434682,
      1.1548519428139727,
      1.0436824376517602,
      0.9463357768200524,
      0.8607286252553155,
      0.7851433628305807,
      0.7181553246425871
    ]
  },
  "results_chord": {
    "ratios": [
      1.0,
      1.0414213562373096,
      1.082842712474619,
      1.1242640687119285,
      1.165685424949238,
      1.2071067811865475,
      1.248528137423857,
      1.2899494936611666,
      1.3313708498984762,
      1.3727922061357856,
      1.4142135623730951
    ],
    "lambda1_H": [
      3.9119599863116887,
      4.46705524666759,
      5.074853630926554,
      5.733227128713246,
      6.440349086298271,
      7.233004485122729,
      8.0893053060391,
      8.962870261225707,
      9.943121533773162,
      10.935744079101799,
      11.943792567701484
    ],
    "det_g": [
      2.03125,
      2.03125,
      2.03125,
      2.03125,
      2.03125,
      2.03125,
      2.03125,
      2.03125,
      2.03125,
      2.03125,
      2.03125
    ]
  },
  "analysis": {
    "best_geodesic_ratio": 1.165685424949238,
    "best_geodesic_lambda_H": 13.889903011584636,
    "best_chord_ratio": 1.4142135623730951,
    "best_chord_lambda_H": 11.943792567701484
  }
}