{
  "timestamp": "2026-01-23T19:05:04.769588",
  "ratio_sweep": [
    {
      "N": 20000,
      "ratio": 1.0,
      "sigma": 1.4951766729354858,
      "mu1": 0.06970784529448663,
      "lambda1_hat": 0.031181473425623843,
      "product": 3.0869658691367605,
      "PR": 0.6617569698706892,
      "fourier": {
        "F1": 0.009333120126046757,
        "F2": 0.5047162242431131,
        "F3": 0.01121599934194601
      },
      "topo": {
        "edges": 536842,
        "components": 1,
        "beta_1": 516843
      },
      "eigenvalues": [
        6.46869605759761e-10,
        0.06970784529448663,
        0.07289334331940688,
        0.23583602590069916,
        0.24040486413255643,
        0.2411134004354503,
        0.2431204688173751,
        0.2451380517019094,
        0.2459804332859117,
        0.24687719060739183
      ]
    },
    {
      "N": 20000,
      "ratio": 1.18,
      "sigma": 1.5467678308486938,
      "mu1": 0.11871494652655147,
      "lambda1_hat": 0.04961981478452784,
      "product": 4.912361663668256,
      "PR": 0.6554157884672888,
      "fourier": {
        "F1": 0.007882694641771779,
        "F2": 0.4983237591800006,
        "F3": 0.009066946898871315
      },
      "topo": {
        "edges": 536770,
        "components": 1,
        "beta_1": 516771
      },
      "eigenvalues": [
        6.117769254633825e-10,
        0.11871494652655147,
        0.12428178328608383,
        0.19369889112362207,
        0.19720146664740887,
        0.19881600350122378,
        0.19969683832702254,
        0.20189582629054278,
        0.20332006646246323,
        0.20530777228990088
      ]
    },
    {
      "N": 20000,
      "ratio": 1.3,
      "sigma": 1.5784395933151245,
      "mu1": 0.16015495198297558,
      "lambda1_hat": 0.06428126863394412,
      "product": 6.363845594760468,
      "PR": 0.5864612894862551,
      "fourier": {
        "F1": 0.004961643995062794,
        "F2": 0.4677427307930408,
        "F3": 0.005854174635298382
      },
      "topo": {
        "edges": 536690,
        "components": 1,
        "beta_1": 516691
      },
      "eigenvalues": [
        -9.266309684280582e-10,
        0.16015495198297558,
        0.16679740218339403,
        0.16978804090924277,
        0.17192483199528452,
        0.17357561018937293,
        0.17491341690364778,
        0.17688589760567242,
        0.17831522613004455,
        0.1799203160515017
      ]
    },
    {
      "N": 20000,
      "ratio": 1.4,
      "sigma": 1.6030020713806152,
      "mu1": 0.15261035280547314,
      "lambda1_hat": 0.05939034242294661,
      "product": 5.879643899871714,
      "PR": 0.3944071015250893,
      "fourier": {
        "F1": 0.021535634840381727,
        "F2": 0.020339945984935683,
        "F3": 0.00806776992714236
      },
      "topo": {
        "edges": 536713,
        "components": 1,
        "beta_1": 516714
      },
      "eigenvalues": [
        -5.466387923685681e-10,
        0.15261035280547314,
        0.15471090553891031,
        0.1561220179074561,
        0.1566599729897863,
        0.15893561002856668,
        0.16018589027194918,
        0.16155691239908024,
        0.16401477455084584,
        0.1652253001627087
      ]
    },
    {
      "N": 20000,
      "ratio": 1.6,
      "sigma": 1.648895025253296,
      "mu1": 0.12581985209963872,
      "lambda1_hat": 0.04627678237926279,
      "product": 4.581401455547017,
      "PR": 0.39265164962266114,
      "fourier": {
        "F1": 0.015295192260285044,
        "F2": 0.01655158691596931,
        "F3": 0.008283184938128236
      },
      "topo": {
        "edges": 536465,
        "components": 1,
        "beta_1": 516466
      },
      "eigenvalues": [
        -2.5874711816691974e-10,
        0.12581985209963872,
        0.12751133523144687,
        0.1285697806073675,
        0.12922817510167828,
        0.13102006563486232,
        0.1321595133397913,
        0.1330028887458713,
        0.13550864919576916,
        0.13626070808880592
      ]
    }
  ],
  "convergence": [
    {
      "N": 5000,
      "ratio": 1.18,
      "sigma": 1.9025310277938843,
      "mu1": 0.17853847850042698,
      "lambda1_hat": 0.04932514071209341,
      "product": 4.883188930497248,
      "PR": 0.6501248831720731,
      "fourier": {
        "F1": 0.012266705060795888,
        "F2": 0.47871045597533435,
        "F3": 0.031459777998733514
      },
      "topo": {
        "edges": 134032,
        "components": 1,
        "beta_1": 129033
      },
      "eigenvalues": [
        -2.954856991471913e-11,
        0.17853847850042698,
        0.18379986919064334,
        0.2732807978352266,
        0.2784755331245758,
        0.28103617119145957,
        0.288663007815715,
        0.29147120106222063,
        0.29601806001717157,
        0.30026653005084
      ]
    },
    {
      "N": 10000,
      "ratio": 1.18,
      "sigma": 1.7153064012527466,
      "mu1": 0.14442496253220802,
      "lambda1_hat": 0.04908613606239933,
      "product": 4.859527470177534,
      "PR": 0.6613307569495593,
      "fourier": {
        "F1": 0.012382284582389286,
        "F2": 0.48880124328186625,
        "F3": 0.01242616318580796
      },
      "topo": {
        "edges": 268110,
        "components": 1,
        "beta_1": 258111
      },
      "eigenvalues": [
        -1.0228117464170807e-09,
        0.14442496253220802,
        0.15184692887539677,
        0.23093599783382168,
        0.23538546962018556,
        0.23759047724447288,
        0.2393204654974828,
        0.24252609108585535,
        0.24668770986952884,
        0.24744906779924875
      ]
    },
    {
      "N": 15000,
      "ratio": 1.18,
      "sigma": 1.614183783531189,
      "mu1": 0.12751035293818294,
      "lambda1_hat": 0.04893724178773296,
      "product": 4.844786936985563,
      "PR": 0.6536054057464313,
      "fourier": {
        "F1": 0.004275683121794133,
        "F2": 0.49481222676564,
        "F3": 0.006284193956407776
      },
      "topo": {
        "edges": 402329,
        "components": 1,
        "beta_1": 387330
      },
      "eigenvalues": [
        -7.647331151533073e-10,
        0.12751035293818294,
        0.13541378642707047,
        0.20597703275966775,
        0.21110494749942693,
        0.21321463708861738,
        0.21489072455002264,
        0.21764646415824382,
        0.22021452842757078,
        0.2229372634122464
      ]
    },
    {
      "N": 20000,
      "ratio": 1.18,
      "sigma": 1.5467678308486938,
      "mu1": 0.11871494653875614,
      "lambda1_hat": 0.049619814789629076,
      "product": 4.912361664173279,
      "PR": 0.6554157884855876,
      "fourier": {
        "F1": 0.007882694685322673,
        "F2": 0.498323759160069,
        "F3": 0.009066946932776982
      },
      "topo": {
        "edges": 536770,
        "components": 1,
        "beta_1": 516771
      },
      "eigenvalues": [
        6.211646614113604e-10,
        0.11871494653875614,
        0.12428178330878041,
        0.19369889109627575,
        0.1972014666713856,
        0.1988160035064002,
        0.19969683836644556,
        0.20189582627818878,
        0.2033200664651948,
        0.2053077723219003
      ]
    }
  ],
  "extrapolated_limit": 4.8817842826462785
}