{
  "metadata": {
    "total_epochs": 6000,
    "final_ricci_loss": 3.784312502830289e-05,
    "final_g2_loss": 6.409773334326019e-08,
    "training_time_minutes": 299.95
  },
  "metric_statistics": {
    "determinant_mean": 1.0000029802322388,
    "determinant_std": 2.4743547328398563e-05,
    "condition_number_mean": 5.226912021636963,
    "min_eigenvalue": 0.4531921446323395,
    "max_eigenvalue": 2.3689844608306885
  },
  "g2_structure": {
    "phi_norm_squared_mean": 7.000000953674316,
    "phi_norm_squared_target": 7.0,
    "phi_norm_error": 9.5367431640625e-07
  },
  "topology": {
    "b2_computed": 0,
    "b3_computed": 0,
    "b2_gift": 21,
    "b3_gift": 77
  },
  "yukawa_scale": {
    "mean": 2.2400829792022705,
    "std": 3.419761924305931e-05
  }
}