{
  "geometry": {
    "det_g_mean": 2.0292773246765137,
    "det_g_target": 2.03125
  },
  "training": {
    "h2_epochs": 3000,
    "h3_epochs": 5000,
    "h2_final_loss": 2.1868748945053085e-07,
    "h3_final_loss": 0.02118510752916336
  },
  "yukawa": {
    "n_visible": 35,
    "nonzero_count": 77,
    "gap_43_ratio": 3.811890394445072e-07,
    "tau_estimate": 3.641733407974243,
    "tau_error_pct": 6.544225215911865
  },
  "verdict": {
    "43_77_confirmed": false,
    "35_42_confirmed": true,
    "tau_emerged": true
  }
}