{
  "method": "spectral_fourier",
  "n_forms_extracted": 24,
  "det_gram": 1.8060293941202842e-09,
  "eigenvalues": [
    6.661338147750939e-16,
    0.9999999880856804,
    0.999999999998909,
    0.9999999999993548,
    0.9999999999994282,
    0.9999999999995975,
    0.9999999999998836,
    0.9999999999999134,
    0.9999999999999514,
    0.9999999999999868,
    0.9999999999999972,
    0.9999999999999994,
    1.0000000000000002,
    1.0000000000000007,
    1.0000000000000018,
    1.0000000000000149,
    1.0000000000000508,
    1.000000000000086,
    1.0000000000001175,
    1.000000000000404,
    1.0000000000005724,
    1.0000000000006521,
    1.00000000000109,
    8235896.072656769
  ],
  "gram_error": 8235895.072656829,
  "status": "PARTIAL",
  "grid_resolution": 8
}