{
  "timestamp": "2026-01-21T16:16:36.873998",
  "notebook": "G2_NonSeparable_Perturbation_v1",
  "constants": {
    "H_star": 99,
    "dim_G2": 14,
    "det_g": 2.03125,
    "target_lambda_H": 14,
    "separable_lambda_H": 19.739208802178716
  },
  "results": {
    "epsilon_star": 0.16500000000000006,
    "coarse_scan": {
      "epsilon": [
        0.0,
        0.1,
        0.2,
        0.30000000000000004,
        0.4,
        0.5,
        0.6000000000000001,
        0.7000000000000001,
        0.8,
        0.9,
        1.0
      ],
      "lambda1_H_mean": [
        11.694558789366647,
        11.694558789366623,
        11.69455878936664,
        11.694558789366692,
        11.694558789366653,
        11.694558789366626,
        11.694558789366658,
        11.694558789366635,
        11.694558789366667,
        11.69455878936667,
        11.694558789366654
      ]
    }
  },
  "analysis": {
    "ratio_2pi2_14": 1.4099434858699083,
    "sqrt2": 1.4142135623730951,
    "pi2": 9.869604401089358,
    "dim_G2_over_sqrt2": 9.899494936611665
  }
}