{
  "timestamp": "2026-01-21T16:36:44.101559",
  "notebook": "G2_TCS_Anisotropy_v3",
  "method": "TCS S\u00b3 size ratio anisotropy",
  "constants": {
    "H_star": 99,
    "dim_G2": 14,
    "det_g": 2.03125,
    "target_lambda_H": 14,
    "target_ratio": 1.4142135623730951
  },
  "hypothesis": "ratio(S\u00b3\u2082/S\u00b3\u2081) = \u221a2 gives \u03bb\u2081\u00d7H* = 14",
  "results": {
    "epsilon": [
      0.0,
      0.1,
      0.2,
      0.30000000000000004,
      0.4,
      0.5,
      0.6000000000000001,
      0.7000000000000001,
      0.8,
      0.9,
      1.0
    ],
    "lambda1_H_mean": [
      11.694558789366647,
      11.706238447663706,
      11.714157823110126,
      11.718764124599103,
      11.720377761119137,
      11.719188394066892,
      11.715242080806258,
      11.708415024590284,
      11.698375278705175,
      11.684554465151397,
      11.666201583547611
    ],
    "det_g_mean": [
      2.031250000000001,
      2.031249999999999,
      2.0312500000000004,
      2.0312500000000004,
      2.0312499999999996,
      2.0312499999999987,
      2.03125,
      2.0312500000000004,
      2.0312499999999996,
      2.0312500000000004,
      2.03125
    ]
  }
}