{
  "version": "v3_analytical",
  "method": "Laplace-Beltrami on 7D grid with constant G2 metric",
  "metric": {
    "type": "constant_diagonal",
    "g_ii": 1.1065376538134328,
    "det_g": 2.03125
  },
  "calibration": {
    "reference": "T7_flat",
    "lambda1_theory": 1.0
  },
  "results": {
    "grid_5": {
      "lambda1_raw": 0.7908815367171689,
      "lambda1_calibrated": 0.9037198115705535,
      "product": 89.46826134548479
    },
    "grid_7": {
      "lambda1_raw": 0.8446501938199197,
      "lambda1_calibrated": 0.9037198115705501,
      "product": 89.46826134548446
    },
    "grid_9": {
      "lambda1_raw": 0.867605798481763,
      "lambda1_calibrated": 0.9037198115705569,
      "product": 89.46826134548513
    },
    "extrapolated": {
      "lambda1": 0.9037198115705672,
      "product": 89.46826134548616
    },
    "theoretical": {
      "lambda1": 0.9037198115705554,
      "product": 89.46826134548498
    }
  },
  "GIFT_constants": {
    "H_star": 99,
    "dim_G2": 14,
    "target_product": 14
  },
  "conclusion": "Constant G2 metric gives lambda1 * H* \u2248 89, not 14. Need non-trivial K7 topology."
}