{
  "metadata": {
    "timestamp": "2026-01-25T10:50:40.468238",
    "notebook": "K7_Explicit_Metric_TCS_PINN_v2.ipynb",
    "gpu": "NVIDIA A100-SXM4-80GB",
    "n_points": 50000
  },
  "constants": {
    "dim": 7,
    "b2": 21,
    "b3": 77,
    "H_star": 99,
    "det_g_target": 2.03125,
    "lambda1_target": 13
  },
  "pinn": {
    "epochs": 5000,
    "final_loss": 4.3886349173594025e-07,
    "best_loss": 4.210455143411423e-07
  },
  "metric": {
    "det_mean": 2.03125,
    "det_std": 1.0951405591700031e-15
  },
  "spectral_standard": {
    "eigenvalues": [
      -0.004886759146921224,
      0.08707585143034088,
      0.08779603668622622,
      0.08829037795030291,
      0.08906212945776318,
      0.0898752305341065,
      0.09102230302314553,
      0.09259516605203609,
      0.09353131474434742,
      0.0944725542378009,
      0.11863289668502924,
      0.12117802217432974,
      0.12233608851774236,
      0.1234702959190955,
      0.12396194710933203,
      0.1260783726808483,
      0.12660910200790773,
      0.12813421065096925,
      0.129006213596462,
      0.18145388813852756
    ],
    "lambda_1": 0.08707585143034088,
    "lambda1_times_Hstar": 8.620509291603748,
    "deviation_percent": 33.68839006458656,
    "status": "NEEDS_WORK"
  },
  "spectral_quaternionic": {
    "eigenvalues": [
      -0.004886759146921313,
      0.08707585143034126,
      0.08779603668622746,
      0.08829037795030222,
      0.08906212945776268,
      0.089875230534107,
      0.09102230302314573,
      0.09259516605203584,
      0.0935313147443474,
      0.09447255423780093,
      0.1186328966850291,
      0.1211780221743301,
      0.12233608851774205,
      0.12347029591909556,
      0.12396194710933121,
      0.12607837268084673,
      0.1266091020079077,
      0.12813421065096808,
      0.12900621359646153,
      0.18145388813852917
    ],
    "lambda_1": 0.08707585143034126,
    "lambda1_times_Hstar": 8.620509291603785,
    "deviation_percent": 33.68839006458627,
    "status": "NEEDS_WORK"
  },
  "best_result": {
    "method": "quaternionic",
    "lambda1_times_Hstar": 8.620509291603748,
    "deviation_percent": 33.68839006458627
  }
}