{
  "metadata": {
    "timestamp": "2026-01-25T10:25:59.803767",
    "notebook": "K7_Explicit_Metric_TCS_PINN.ipynb",
    "device": "cuda",
    "gpu": "NVIDIA A100-SXM4-80GB"
  },
  "constants": {
    "dim": 7,
    "b2": 21,
    "b3": 77,
    "H_star": 99,
    "dim_G2": 14,
    "det_g_target": 2.03125,
    "lambda1_target": 13,
    "tcs_ratio": 1.1785714285714286
  },
  "model": {
    "architecture": "7 -> [512, 512, 512, 256] -> 35",
    "n_parameters": 669731,
    "activation": "SiLU"
  },
  "training": {
    "epochs": 2965,
    "final_loss": 4.264327264441004e-07,
    "best_loss": 4.0780896717567295e-07,
    "final_torsion": 6.116678528521204e-08
  },
  "metric": {
    "n_samples": 10000,
    "det_mean": 2.03125,
    "det_std": 1.0766942663855594e-15,
    "det_min": 2.0312499999999964,
    "det_max": 2.031250000000004
  },
  "spectral": {
    "eigenvalues": [
      -0.03155738523564211,
      0.04338726054898257,
      0.24677735204331874,
      0.49573299737416326,
      0.7918302018506768,
      1.3629353236151414,
      1.8208017370928362,
      1.8734041794159135,
      1.9364899572458727,
      1.968393450614532,
      1.9899363760694961,
      2.047837489468014,
      2.071390397510927,
      2.1071076621874822,
      2.1104725712098644
    ],
    "lambda_0": -0.03155738523564211,
    "lambda_1": 0.04338726054898257,
    "lambda1_times_Hstar": 4.2953387943492745,
    "target": 13,
    "deviation_percent": 66.95893235115943
  },
  "validation": {
    "passed": false,
    "status": "NEEDS_REFINEMENT"
  },
  "files": {
    "model": "k7_pinn_best.pt",
    "coords": "k7_tcs_pinn_coords.npy",
    "metric": "k7_tcs_pinn_metric.npy",
    "phi": "k7_tcs_pinn_phi.npy",
    "figure": "k7_tcs_pinn_results.png"
  }
}