{
  "eigenvalues": {
    "min": 0.3271804451942444,
    "max": 1.849834680557251,
    "mean": 1.2423179149627686,
    "std": 0.48852673172950745,
    "negative_count": 0,
    "positive_definite": true
  },
  "determinant": {
    "mean": 2.0000014305114746,
    "std": 6.515866175504925e-07,
    "min": 1.9999992847442627,
    "max": 2.0000038146972656,
    "target": 2.0,
    "error": 1.430511474609375e-06
  },
  "torsion": {
    "dphi_norm_mean": 0.0005392662715166807,
    "dphi_norm_max": 0.004347590729594231,
    "dphi_norm_std": 0.0003086723736487329,
    "dpsi_norm": 0.0006375923403538764,
    "dphi_tensor_shape": [
      10000,
      7,
      7,
      7,
      7
    ],
    "target_norm": 0.0164,
    "actual_norm": 0.0008350641317129096,
    "dphi_mean": 0.0,
    "dphi_std": 1.2680636245931964e-05,
    "dphi_max": 0.000521540641784668
  }
}