phase,phase_name,epochs,loss_initial,loss_final,loss_reduction,loss_mean,loss_std,dphi_final,dpsi_final,det_final,positivity_final
1,TCS_Neck,1500,6306812.0,2.3064241361225868e-07,6306811.999999769,7209.184839989378,178898.640326363,3.890387585153274e-18,4.6128258190947236e-07,2.2445101333090633e-12,0.0
2,ACyl_Matching,1500,0.9060266613960266,0.9088783860206604,-0.002851724624633789,0.9070944982369741,0.002281409734709661,2.717373718634942e-18,2.812732589063671e-07,2.1768697955337757e-12,0.0
3,Cohomology_Refinement,1500,1.8135957717895508,1.8098456859588623,0.0037500858306884766,1.840171866019567,0.342381772499019,1.2724190145019429e-17,7.799608283676207e-06,2.8548274855211275e-12,0.0
4,Harmonic_Extraction,1500,0.9074552059173584,0.9076581001281738,-0.0002028942108154297,0.9087018783092499,0.015581924356280115,5.053640100058021e-18,5.646687100124836e-07,3.1608882178346676e-12,0.0
5,Final_Calibration,300,0.3626837730407715,0.3628362715244293,-0.00015249848365783691,0.36272051602602007,0.0010408422875733821,4.592405844859678e-18,4.7275005954361404e-07,2.396222109624091e-12,0.0
