{
  "shape": [
    21,
    21,
    77
  ],
  "total_entries": 33957,
  "norm": 5.881136651716401e-10,
  "max_abs": 8.505473240181437e-11,
  "mean_abs": 1.449366376288982e-12,
  "std": 3.1915114339835797e-12,
  "non_zero_fraction": 0.0
}