{
  "timestamp": "2025-11-30T12:00:42.921401",
  "method": "Graph Laplacian on H3 basis (35 local + 42 TCS)",
  "parameters": {
    "n_points": 50000,
    "k_neighbors": 24,
    "sigma": 0.5232220952920522,
    "threshold": 0.010690605165300017
  },
  "results": {
    "total_modes": 77,
    "harmonic_count": 0,
    "local_dominant": 0,
    "global_dominant": 0,
    "largest_gap_position": 24,
    "largest_gap_magnitude": 11.07536948287702
  },
  "eigenvalues": [
    0.05812747824304023,
    0.06144738096843491,
    0.0648025027366639,
    0.06583069086267082,
    0.06894712672434034,
    0.0764358741373446,
    0.07726072672467431,
    0.1350750132771956,
    0.13571123225086074,
    0.1374191821334931,
    0.13857375689666457,
    0.1404202116531089,
    0.22052143698869212,
    0.2580695215585977,
    0.26337314169908893,
    0.27241393987066675,
    0.27565469521190583,
    0.2815868976846705,
    0.2935490880984769,
    0.3575450153130873,
    0.42110536365546586,
    0.4378319487103061,
    0.44240950413582614,
    0.576017315354158,
    0.6445119033671575,
    0.791833706073057,
    0.8166698912923019,
    0.8969099378817648,
    0.9146425538217713,
    0.9389810589605072,
    0.9563622710981646,
    0.9634760671438257,
    0.9688202253381961,
    0.9739293798069611,
    0.9788322495070746,
    0.9873872256859221,
    0.9896294893493612,
    0.9917101012126189,
    0.9941479834498897,
    0.9957167845138702,
    0.9970856254176736,
    0.9973108187939531,
    0.997663742856722,
    0.999320640041809,
    0.9997357808086236,
    1.0007895987948086,
    1.0013626058276943,
    1.002048833206747,
    1.0028338037011202,
    1.0035525130955862,
    1.004706921158159,
    1.0054034356254917,
    1.006028249690957,
    1.0062283833041363,
    1.0067033641675014,
    1.0075019521972133,
    1.0076361078337757,
    1.008799760485989,
    1.0090545854757973,
    1.0098167309481865,
    1.010747983341098,
    1.011239250744972,
    1.0118257814139602,
    1.0129267670537783,
    1.0135238533012858,
    1.014301232433886,
    1.0160033791717331,
    1.0176354101282825,
    1.0183594211353715,
    1.0231826431057267,
    1.0252599824910646,
    1.0309362517927216,
    1.0355734270853858,
    1.041156039284795,
    1.0458870592506497,
    1.0590403867359164,
    1.0690605165300018
  ],
  "verification": {
    "b3_match": false,
    "split_match": false
  }
}