{
  "pipeline": "GIFT K7 Spectral Eigenvalue",
  "version": "1.0",
  "timestamp": "2025-12-02T07:01:36.611982",
  "constants": {
    "kappa_T": "1/61",
    "kappa_T_float": 0.01639344262295082,
    "det_g_target": "65/32",
    "b2_K7": 21,
    "b3_K7": 77
  },
  "eigenvalues": {
    "lambda_0": -4.3161615008465306e-16,
    "lambda_1_observed": 0.05863751923848762,
    "lambda_1_lower": 0.05790723266890383,
    "lambda_1_upper": 0.059367805808071404
  },
  "interval_bounds": {
    "lower": 0.05790723266890383,
    "upper": 0.059367805808071404,
    "lipschitz_const": 0.0005,
    "coverage_radius": 1.4605731391675778,
    "method": "mpmath"
  },
  "lean_export": {
    "rational": "5501/100000",
    "numerator": 5501,
    "denominator": 100000,
    "float_value": 0.05501
  },
  "contraction": {
    "K_infinite": 0.9990986032236839,
    "K_conservative": 0.9,
    "K_lt_1": true
  }
}