construction_id,b2,b3,chi2_cv,is_gift
0,5,27,507413829.940896,False
1,3,20,5388785242.325475,False
2,9,35,160905433.95219168,False
3,12,51,538503964.5559188,False
4,6,32,104738922.62399268,False
5,13,45,681119984.5357069,False
6,8,35,77420812.71242331,False
7,7,31,16967691.686969742,False
8,13,48,655197496.6982688,False
9,5,29,490004559.6170931,False
GIFT,21,77,9064255.230654804,True
