{
  "mean_spacing": 0.7490744184827048,
  "D1_period": {
    "fitted_period": 13.406524319575315,
    "theory_p2": 12.101227942098895,
    "ratio_to_13": 1.0312711015057934
  },
  "D2_theory": {
    "corr_p2": 0.1431766204332883,
    "corr_all": 0.11635808507203174,
    "theory_fib_ratio": 0.838456046145001,
    "amplitude_scale": 0.4083779096006193
  },
  "D3_comparison": {
    "fib_score": 0.06834250368588382,
    "best_geom_r": 1.1,
    "best_geom_score": 0.09711179360793905,
    "phi_k_score": 0.08233442793564086,
    "lucas_score": 0.07675493172541321,
    "optimal_score": 0.18165784206751345,
    "z_vs_random": 7.0013295395969655,
    "pct_random_beaten": 0.002
  },
  "D4_resonance": {
    "P2": 12.101227942098895,
    "P3": 7.635024763420489,
    "P5": 5.211715198564721,
    "fib_phase_score_p2": 0.5709394499742663,
    "cf_log_phi_log_2": [
      0,
      1,
      2,
      3,
      1,
      2,
      3,
      2
    ]
  }
}