{
  "flint_validation": {
    "max_error": 4.941682618664345e-10,
    "n_checked": 20
  },
  "n_zeros": 100000,
  "gamma_range": [
    14.134725142,
    74920.827498994
  ],
  "delta_stats": {
    "mean_abs_precise": 0.18745124932855656,
    "mean_abs_lambert": 1.0299642116472523,
    "std_precise": 0.23273205723900522,
    "max_abs_precise": 0.9938431165535633,
    "improvement_factor": 5.494571070273183
  },
  "fft": {
    "fib_in_top6": 0,
    "fib_in_top10": 0,
    "lag8_21_energy_pct": 3.410945104713043e-07,
    "all_fib_energy_pct": 2.44972561927626e-06,
    "top10_lags": [
      50000,
      7406,
      7408,
      7409,
      7407,
      7410,
      7411,
      7405,
      7404,
      7403
    ]
  },
  "capture": {
    "capture_precise_mean": -0.8023290462450874,
    "capture_precise_std": -0.8051754195317451,
    "capture_lambert": 0.6718536262953098,
    "residual_ratio": 1.8023290462450874,
    "raw_relative_error": 8.504482614792655e-06
  },
  "scaling": {
    "N_values_100k": [
      200,
      500,
      1000,
      2000,
      5000,
      10000,
      20000,
      50000,
      100000
    ],
    "capture_100k": [
      -1.003344344048681,
      -0.7297116675484852,
      -0.662554555470358,
      -0.803943394896903,
      -0.7750390003664307,
      -0.7751535334902766,
      -0.792402921946872,
      -0.8187392035306293,
      -0.8023290462450874
    ],
    "N_values_2M": [
      100000,
      200000,
      500000,
      1000000,
      2001052
    ],
    "capture_2M": [
      -0.8023290462450874,
      -0.8064200798357437,
      -0.8615744708164137,
      -0.9042874759255843,
      -0.9437367729285755
    ]
  },
  "optimality": {
    "a_ols": -0.02811596631952203,
    "b_ols": -0.12286252805321417,
    "a_theoretical": 1.4761904761904763,
    "b_theoretical": -0.47619047619047616,
    "lag_8_21_rank": 774,
    "top5_lags": [
      [
        4,
        20,
        0.047696894302462156
      ],
      [
        3,
        20,
        0.044602056766786524
      ],
      [
        5,
        20,
        0.042136283971846655
      ],
      [
        4,
        19,
        0.04145781120292824
      ],
      [
        3,
        5,
        0.04092057279259209
      ]
    ]
  },
  "significance": {
    "z_score_permutation": 10.305967063391838,
    "p_value": 0.0,
    "perm_null_mean": -0.8361368374235093,
    "perm_null_std": 0.0032804093949137174,
    "bootstrap_ci_95": [
      -0.8176823403743,
      -0.8079027309258733
    ]
  },
  "linearization": {
    "ell_0 (primitive)": {
      "omega": 0.9624236501192069,
      "mean_product": 0.18040751559819496,
      "max_product": 0.9564981198793288,
      "frac_below_1": 100.0
    },
    "ell_1": {
      "omega": 0.9624236501192069,
      "mean_product": 0.18040751559819496,
      "max_product": 0.9564981198793288,
      "frac_below_1": 100.0
    },
    "ell_8": {
      "omega": 7.6993892009536555,
      "mean_product": 1.4432601247855597,
      "max_product": 7.65198495903463,
      "frac_below_1": 41.183
    },
    "ell_21": {
      "omega": 20.210896652503347,
      "mean_product": 3.788557827562094,
      "max_product": 20.086460517465905,
      "frac_below_1": 16.348
    }
  },
  "parseval": {
    "E_8_21_pct": 3.410945104713043e-07,
    "E_all_fib_pct": 2.44972561927626e-06,
    "E_non_fib_pct": 99.99999755027437
  },
  "robustness": {
    "window_captures": [
      -0.792402921946872,
      -0.8399934980444816,
      -0.8226375644676627,
      -0.7850982311290928,
      -0.7689513551286018
    ],
    "window_mean": -0.8018167141433421,
    "window_std": 0.0258427305764925,
    "coeff_sensitivity_peak_a": 1.3761904761904762
  }
}