{
  "G2_decomposition": {
    "dim_Lambda3_1": 1,
    "dim_Lambda3_7": 7,
    "dim_Lambda3_27": 27,
    "phi0_norm": 2.6457513110645907,
    "phi0_norm_theory": 2.6457513110645907
  },
  "K3_lattice": {
    "rank": 22,
    "signature": [
      3,
      19
    ],
    "det": -0.9999999999999933
  },
  "sublattices": {
    "N1_rank": 11,
    "N2_rank": 10,
    "combined_rank": 21,
    "N1_signature": [
      1,
      9
    ],
    "N2_signature": [
      1,
      8
    ],
    "orthogonal": false
  },
  "period_matrix": {
    "det": 1.0,
    "condition_number": 1.0,
    "positive_definite": true
  },
  "metric_jacobian": {
    "trace_fano_mean": 0.3005488386151796,
    "trace_nonfano_mean": 0.0,
    "trace_nonfano_max": 0.0,
    "mean_diag_norm": 0.2429307340307447,
    "mean_offdiag_norm": 0.6871118775670606
  },
  "full_metric": {
    "g_ref_diagonal": 1.1065376538134328,
    "g_full_diagonal": [
      1.1174835288428546,
      1.1147050619050627,
      1.1132258764611418,
      1.1084300418772322,
      1.1067566777881206,
      1.1079801769890427,
      1.1062885096176627
    ],
    "g_full_matrix": [
      [
        1.1174835288428546,
        0.0009830113351836462,
        -0.0007232047365608737,
        -0.00019091345282298692,
        0.0034265669299214773,
        0.00286515379653551,
        -0.0030629697521225067
      ],
      [
        0.0009830113351836462,
        1.1147050619050627,
        -0.0008139281337636869,
        0.0012395706245758454,
        -0.0042010185918046295,
        0.00018547306184571867,
        -0.003261414090085009
      ],
      [
        -0.0007232047365608737,
        -0.0008139281337636869,
        1.1132258764611418,
        0.004629956249923521,
        0.0008555579847049856,
        0.0027037972855794208,
        0.0006920664790574596
      ],
      [
        -0.00019091345282298692,
        0.0012395706245758454,
        0.004629956249923521,
        1.1084300418772322,
        -0.0006961917945847787,
        0.00010212609994622877,
        -0.0013589474297340258
      ],
      [
        0.0034265669299214773,
        -0.0042010185918046295,
        0.0008555579847049856,
        -0.0006961917945847787,
        1.1067566777881206,
        0.001541103462692661,
        -7.784351709010974e-06
      ],
      [
        0.00286515379653551,
        0.00018547306184571867,
        0.0027037972855794208,
        0.00010212609994622877,
        0.001541103462692661,
        1.1079801769890427,
        -0.0006669538376518681
      ],
      [
        -0.0030629697521225067,
        -0.003261414090085009,
        0.0006920664790574596,
        -0.0013589474297340258,
        -7.784351709010974e-06,
        -0.0006669538376518681,
        1.1062885096176627
      ]
    ],
    "det": 2.0850251142159535,
    "det_target": 2.03125,
    "det_deviation_pct": 2.6473902383238643,
    "eigenvalues": [
      1.1033774264811576,
      1.1041597521047113,
      1.1053615246059918,
      1.107469621922337,
      1.116623906828645,
      1.1177529747688482,
      1.120124666769426
    ],
    "condition_number": 1.015178161059247,
    "positive_definite": true
  },
  "torsion": {
    "mollified_bound": 0.34951996395995855,
    "metric_frobenius": 0.020736830589142222,
    "joyce_limit": 0.1
  },
  "G2_projections": {
    "sum_proj_1": 0.9999999999999998,
    "sum_proj_7": 7.0,
    "sum_proj_27": 27.0
  },
  "moduli_count": {
    "total": 77,
    "local": 35,
    "global_M1": 21,
    "global_M2": 21,
    "volume_modes": 1,
    "gauge_modes_killed": 0,
    "shape_modes": 76
  },
  "scale_evolution": [
    {
      "T": 100,
      "det": 2.0684590239851417,
      "dev_pct": 1.8318288731146681,
      "condition": 1.007224431830621,
      "max_delta_g": 0.006720002623245973
    },
    {
      "T": 500,
      "det": 2.077430575657227,
      "dev_pct": 2.273505263125016,
      "condition": 1.0104196333548712,
      "max_delta_g": 0.008313510920627086
    },
    {
      "T": 1000,
      "det": 2.0807621742573774,
      "dev_pct": 2.4375224249785807,
      "condition": 1.0115720570428233,
      "max_delta_g": 0.009058221503182985
    },
    {
      "T": 5000,
      "det": 2.0838794039500015,
      "dev_pct": 2.5909860406154577,
      "condition": 1.0136482008920913,
      "max_delta_g": 0.010214637435901525
    },
    {
      "T": 10000,
      "det": 2.084427394426235,
      "dev_pct": 2.617964033291571,
      "condition": 1.0142737950712404,
      "max_delta_g": 0.01052315343801719
    },
    {
      "T": 40000,
      "det": 2.085022028651113,
      "dev_pct": 2.6472383335932537,
      "condition": 1.015172594971622,
      "max_delta_g": 0.010943346856105813
    },
    {
      "T": 75000,
      "det": 2.0851768033687352,
      "dev_pct": 2.654858011999273,
      "condition": 1.0154680058606436,
      "max_delta_g": 0.011076387027284909
    }
  ]
}