{
  "theta_function": {
    "t_range": [
      1e-06,
      0.1
    ],
    "n_points": 60
  },
  "spectral_dimension": {
    "d_s_at_1e-5": 1.3337314407484682,
    "d_s_at_1e-3": 1.9420796371127276
  },
  "heat_kernel_coefficients": {
    "c_0": -1.7726546163244304e-08,
    "c_1": 0.00015316302895003098,
    "c_2": -0.07793513840495693,
    "c_3": 8.382389874147737
  },
  "period_vector": {
    "n_active": 77,
    "sum_periods": 46.00142643139539,
    "L2_norm": 1.2563398515032433,
    "first_10": [
      0.7001931795764819,
      0.5632396207841864,
      0.4239764447709784,
      0.34948940550277696,
      0.2674790401035911,
      0.2417343587124816,
      0.2049114641295862,
      0.19114738372751602,
      0.16938690452059613,
      0.14592338577913233
    ]
  },
  "spectral_zeta": {
    "residue_at_half": 0.03305666840822951
  },
  "constraint_budget": {
    "n_zeros": 100000,
    "n_moduli": 77,
    "overdetermination": 1298.7012987012988
  }
}