{
  "topological_constants": {
    "dim_K7": 7,
    "dim_G2": 14,
    "b2": 21,
    "b3": 77,
    "H_star": 99,
    "kappa_T": 0.01639344262295082,
    "det_g": 2.03125,
    "lambda_1": 0.1414141414141414,
    "N_gen": 3
  },
  "metric_perturbation": {
    "epsilon_rms": 0.01639344262295082,
    "epsilon_max": 0.058373177688677565,
    "det_mean": 2.0427271280528196,
    "det_std": 0.23394007023155014,
    "det_rel_fluctuation": 0.11517049611399391,
    "joyce_safety_factor": 1.7131155773860953
  },
  "autocorrelation": {
    "P2_prime": 12.101227942098895,
    "dominant_period_fft": 13.333333333333334,
    "acf_at_7": -0.10173783124969904,
    "acf_at_13": 0.10658542483154408,
    "acf_at_14": 0.11089860326105642,
    "acf_at_21": -0.12586075682941017
  },
  "torsion_connection": {
    "failure_rate": 0.034170683413668246,
    "kappa_T": 0.01639344262295082,
    "fail_over_kappa": 2.084411688233763,
    "one_minus_R2": 0.05985293715944606,
    "C_eff": 3.6510291667262096
  },
  "prime_power_R2": {},
  "pell_equation": {
    "d": 50,
    "H_star_sq_minus_d_G2_sq": 1,
    "fundamental_unit": 197.99494936611666
  },
  "theta_0_candidates": {
    "sqrt_2": 1.4142135623730951,
    "H_star_over_70": 1.4142857142857144,
    "G2_over_10": 1.4,
    "theta_0_actual": 1.4091
  }
}