{
  "N": 5000,
  "k": 25,
  "num_eigenvalues": 50,
  "eigenvalues": [
    0.1358268584894822,
    0.1385068479844772,
    0.20511098135775438,
    0.21186288836316375,
    0.21380388868738312,
    0.2191429418530721,
    0.2251461446628598,
    0.23112689022126437,
    0.23253497331542813,
    0.23630975336825244,
    0.24104538092934255,
    0.2714144827630692,
    0.27605001154112013,
    0.27846073628139045,
    0.2831758590910954,
    0.28681174453139185,
    0.28808466469868294,
    0.28944392346272435,
    0.29716914088324886,
    0.3008795381260331,
    0.3042568688849559,
    0.3073079388608657,
    0.31132482822079127,
    0.3125232104985925,
    0.31399250362581993,
    0.3165157975449739,
    0.32041130594709527,
    0.3265550598555296,
    0.3288374766558176,
    0.33104808139677916,
    0.33251788518784703,
    0.3326432444103422,
    0.33691831492505014,
    0.34008051793148025,
    0.34273092727272886,
    0.34375713671200137,
    0.3475526972654973,
    0.3515268308347939,
    0.35421534984491226,
    0.35898228608752286,
    0.3592771367562183,
    0.36053271906105683,
    0.36431099624848917,
    0.3675953232546712,
    0.37072107744914273,
    0.3725654869947066,
    0.3746132375941126,
    0.3760727148851068,
    0.3814480894285157,
    0.3828350500485151
  ],
  "lambda1": 0.1358268584894822,
  "lambda1_x_Hstar": 13.446858990458738,
  "fit": {
    "A": 226.93409200067157,
    "A_err": 13.404529641736966,
    "B": -98.84825929227442,
    "B_err": 7.3872405031143,
    "R_squared": 0.8565508311395331,
    "success": true
  },
  "A_Langlais": 196,
  "timestamp": "2026-01-22T18:31:41.448407"
}