{
  "method": "spectral_fourier",
  "n_forms_extracted": 15,
  "det_gram": -1.4952591375053277e-09,
  "eigenvalues": [
    8.881784197000136e-16,
    0.9999999999975044,
    0.9999999999991097,
    0.9999999999999223,
    0.999999999999951,
    0.9999999999999951,
    0.9999999999999966,
    0.9999999999999997,
    0.9999999999999997,
    1.000000000000002,
    1.0000000000000047,
    1.0000000000000522,
    1.0000000000000857,
    1.0000000000009492,
    9727878.233530695
  ],
  "gram_error": 9727877.233530745,
  "status": "PARTIAL",
  "grid_resolution": 8
}