{
  "theta_0": 1.4091191087920336,
  "theta_1": -3.9537276261854797,
  "baseline": {
    "theta_const": 0.9941,
    "R2": 0.9372176470417869,
    "loc_rate": 0.980029800298003,
    "alpha_std": 0.020788331458738735,
    "E_rms": 0.05831429150522334
  },
  "adaptive": {
    "R2": 0.9386230610663533,
    "loc_rate": 0.980329803298033,
    "alpha_std": 0.0028534492999500245,
    "E_rms": 0.057657900086078614,
    "alpha_global": 1.0006366986459336
  },
  "NT_correct": 1.0,
  "NT_mean_err": 0.01764603475972992,
  "NT_max_err": 0.15043316400260665,
  "gue_failure_prediction": 0.01810863554136458,
  "window_alphas": [
    1.0028195443620846,
    0.994059477253077,
    0.9987135150307929,
    0.9986050429292331,
    1.0017290504801828,
    0.9998227054819078,
    1.002235536447784,
    1.0040622156918133,
    1.0027156068949896,
    1.002934440010804
  ],
  "window_R2s": [
    0.9561897434049432,
    0.9458579351494303,
    0.9426043209676532,
    0.9383134777568306,
    0.9361123575095311,
    0.9336402715092929,
    0.931429628178851,
    0.9318365151488132,
    0.927769290817684,
    0.9275163746813384
  ]
}