{
  "mayer_vietoris": {
    "b2_M1": 11,
    "b3_M1": 40,
    "b2_M2": 10,
    "b3_M2": 37,
    "b2_K7": 21,
    "b3_K7": 77,
    "chi_K7": 0,
    "local_forms": 35,
    "global_forms": 42
  },
  "phi0": {
    "fano_triples": [
      [
        0,
        1,
        2
      ],
      [
        0,
        3,
        4
      ],
      [
        0,
        5,
        6
      ],
      [
        1,
        3,
        5
      ],
      [
        1,
        4,
        6
      ],
      [
        2,
        3,
        6
      ],
      [
        2,
        4,
        5
      ]
    ],
    "fano_signs": [
      1,
      1,
      1,
      1,
      -1,
      -1,
      -1
    ],
    "n_nonzero": 7,
    "n_total": 35
  },
  "reference_metric": {
    "c": 1.0519209351531287,
    "g_ref_diagonal": 1.1065376538134328,
    "det_g_ref": 2.0312500000000013
  },
  "moduli": {
    "norm_total": 0.02059573527054498,
    "norm_local": 0.020311210543089948,
    "norm_M1": 0.0028160729734943526,
    "norm_M2": 0.0019258168699533501,
    "local_global_ratio": 5.953567367821685,
    "first_10": [
      0.011478576714368558,
      0.00923343640629814,
      0.006950433520835712,
      0.005729334516438967,
      0.0043849022967801824,
      0.003962858339548879,
      0.0033592043299932165,
      0.003133563667664197,
      0.0027768345003376417,
      0.0023921866521169235
    ]
  },
  "perturbed_metric": {
    "det_g_pert": 2.085796458670283,
    "det_deviation_pct": 2.6853641191523865,
    "eigenvalues": [
      1.1034044808622852,
      1.1041842238907094,
      1.1053898935716793,
      1.1074754640764297,
      1.116732893556826,
      1.1178602165390317,
      1.120235246370803
    ],
    "max_off_diagonal": 0.004674824468471187
  },
  "torsion": {
    "bound_absolute": 0.5501787673470492,
    "bound_mollified": 0.3495199941163503,
    "joyce_safety": 0.28610666537923835
  }
}