{
  "validation_id": "GIFT_v4_cosmology_20250812_075418",
  "domain": "cosmology",
  "paradigm_shifts": {
    "information_fundamental": true,
    "light_em_exclusive": true,
    "sophisticated_analysis": true
  },
  "datasets": {
    "planck_cmb": {
      "sample_size": 2499,
      "source": "Planck Legacy Archive"
    },
    "supernovae": {
      "sample_size": 580,
      "source": "Union2.1 Compilation"
    },
    "galaxies": {
      "sample_size": 993,
      "source": "SDSS DR16"
    },
    "dark_matter_halos": {
      "sample_size": 765,
      "source": "Millennium Simulation"
    }
  },
  "validation_timestamp": "2025-08-12T07:54:18.698115",
  "constants_tested": [
    "zeta3_cuberoot",
    "pi_cuberoot",
    "e_cuberoot",
    "phi_cuberoot",
    "sqrt2",
    "sqrt3",
    "sqrt5",
    "catalan",
    "euler_gamma",
    "apery"
  ],
  "results": {
    "zeta3_cuberoot": {
      "success_rate": 1.0,
      "mean_ratio": 1.0000001300867358,
      "std_ratio": 2.578001511020798e-07,
      "mean_deviation": 0.06326525429803857,
      "std_deviation": 2.578001511020798e-07,
      "median_deviation": 0.06326538438477436,
      "best_deviation": 0.06326408620073987,
      "target_constant": 1.0632653843847744,
      "t_statistic": -1717829.792546995,
      "p_value": 8.920803089657312e-266,
      "statistically_significant": "True"
    },
    "pi_cuberoot": {
      "success_rate": 1.0,
      "mean_ratio": 1.0000001536350496,
      "std_ratio": 2.4189011106040804e-07,
      "mean_deviation": 0.46459173392647357,
      "std_deviation": 2.4189011106040804e-07,
      "median_deviation": 0.4645918610703419,
      "best_deviation": 0.4645907564819711,
      "target_constant": 1.4645918875615231,
      "t_statistic": -13444708.935096342,
      "p_value": 1.463563338118906e-309,
      "statistically_significant": "True"
    },
    "e_cuberoot": {
      "success_rate": 1.0,
      "mean_ratio": 1.0000001250547914,
      "std_ratio": 2.1272335189009072e-07,
      "mean_deviation": 0.39561230003129794,
      "std_deviation": 2.127233518900907e-07,
      "median_deviation": 0.3956124218186131,
      "best_deviation": 0.39561130400732614,
      "target_constant": 1.3956124250860895,
      "t_statistic": -13018251.525342237,
      "p_value": 7.101500009582728e-309,
      "statistically_significant": "True"
    },
    "phi_cuberoot": {
      "success_rate": 1.0,
      "mean_ratio": 1.0000001317657983,
      "std_ratio": 2.36551899032775e-07,
      "mean_deviation": 0.17398486475816502,
      "std_deviation": 2.3655189903277503e-07,
      "median_deviation": 0.1739849711981154,
      "best_deviation": 0.17398391064374796,
      "target_constant": 1.1739849965239633,
      "t_statistic": -5148527.905660194,
      "p_value": 3.9080478090580897e-289,
      "statistically_significant": "True"
    },
    "sqrt2": {
      "success_rate": 1.0,
      "mean_ratio": 1.00000009294661,
      "std_ratio": 1.370092191815344e-07,
      "mean_deviation": 0.4142134694264851,
      "std_deviation": 1.370092191815344e-07,
      "median_deviation": 0.4142135490325406,
      "best_deviation": 0.4142130842676168,
      "target_constant": 1.4142135623730951,
      "t_statistic": -21162767.75611447,
      "p_value": 3.2462e-319,
      "statistically_significant": "True"
    },
    "sqrt3": {
      "success_rate": 1.0,
      "mean_ratio": 1.0000000934823134,
      "std_ratio": 1.248353199809081e-07,
      "mean_deviation": 0.7320507140865636,
      "std_deviation": 1.248353199809081e-07,
      "median_deviation": 0.7320507846013621,
      "best_deviation": 0.732050346802146,
      "target_constant": 1.7320508075688772,
      "t_statistic": -41048919.48360167,
      "p_value": 0.0,
      "statistically_significant": "True"
    }
  },
  "best_constant": "zeta3_cuberoot",
  "best_performance": {
    "success_rate": 1.0,
    "mean_ratio": 1.0000001300867358,
    "std_ratio": 2.578001511020798e-07,
    "mean_deviation": 0.06326525429803857,
    "std_deviation": 2.578001511020798e-07,
    "median_deviation": 0.06326538438477436,
    "best_deviation": 0.06326408620073987,
    "target_constant": 1.0632653843847744,
    "t_statistic": -1717829.792546995,
    "p_value": 8.920803089657312e-266,
    "statistically_significant": "True"
  },
  "zeta3_performance": {
    "convergence_ratio": 1.0000001300867358,
    "deviation_percent": 6.326525429803858,
    "success_rate": 1.0,
    "statistical_significance": 8.920803089657312e-266
  }
}