{
  "validation_metadata": {
    "timestamp": "2025-08-13",
    "framework_version": "GIFT v4.2 + SL(2,C)",
    "data_source": "LIGO/Virgo GWTC",
    "total_events": 8,
    "successful_optimizations": 8,
    "target_constant": "\u03c0^(1/3)",
    "target_value": 1.4645918875615231
  },
  "global_statistics": {
    "success_rate": 1.0,
    "mean_pi_cuberoot_deviation": 0.38692099342492237,
    "std_pi_cuberoot_deviation": 0.35395554192465956,
    "mean_cross_correlation": -0.17726890090074462,
    "dominant_dimensions": {
      "E": 6,
      "S": 2
    }
  },
  "individual_results": [
    {
      "event_data": {
        "name": "GW150914",
        "gps_time": 1126259462.4,
        "mass_1": 36.2,
        "mass_2": 29.1,
        "chirp_mass": 28.6,
        "total_mass": 65.3,
        "mass_ratio": 0.8038674033149171,
        "effective_spin": -0.06,
        "final_spin": 0.68,
        "luminosity_distance": 420.0,
        "snr": 23.7,
        "peak_frequency": 250.0,
        "radiated_energy": 3.0
      },
      "gift_result": {
        "convergence_success": true,
        "phi_optimal": [
          0.019897957809252565,
          3.0,
          3.0,
          3.0,
          0.019897927640362245,
          -3.0
        ],
        "pi_cuberoot_ratio": 1.73197461619286,
        "pi_cuberoot_deviation": 0.18256466589919226,
        "cross_correlation": -0.5696664872391453,
        "dominant_dimension": "E",
        "casimir_invariants": [
          17.999208143750643,
          -17.76122468730231
        ],
        "sl2c_deviation": 0.3112235609471933
      }
    },
    {
      "event_data": {
        "name": "GW151226",
        "gps_time": 1135136350.6,
        "mass_1": 13.7,
        "mass_2": 7.7,
        "chirp_mass": 8.9,
        "total_mass": 21.4,
        "mass_ratio": 0.562043795620438,
        "effective_spin": 0.18,
        "final_spin": 0.51,
        "luminosity_distance": 440.0,
        "snr": 13.1,
        "peak_frequency": 450.0,
        "radiated_energy": 0.6
      },
      "gift_result": {
        "convergence_success": true,
        "phi_optimal": [
          0.019897805015027265,
          3.0,
          3.0,
          3.0,
          0.019898020067268315,
          -3.0
        ],
        "pi_cuberoot_ratio": 1.7319746164239953,
        "pi_cuberoot_deviation": 0.18256466605700777,
        "cross_correlation": -0.5696664989323534,
        "dominant_dimension": "E",
        "casimir_invariants": [
          17.999208146152988,
          -17.761225049506226
        ],
        "sl2c_deviation": 0.3112235527919756
      }
    },
    {
      "event_data": {
        "name": "GW170104",
        "gps_time": 1167559936.6,
        "mass_1": 31.2,
        "mass_2": 19.4,
        "chirp_mass": 21.1,
        "total_mass": 50.6,
        "mass_ratio": 0.6217948717948718,
        "effective_spin": -0.12,
        "final_spin": 0.81,
        "luminosity_distance": 880.0,
        "snr": 13.0,
        "peak_frequency": 180.0,
        "radiated_energy": 1.9
      },
      "gift_result": {
        "convergence_success": true,
        "phi_optimal": [
          0.01989794071616631,
          3.0,
          3.0,
          3.0,
          0.019897873833752792,
          -3.0
        ],
        "pi_cuberoot_ratio": 1.7319746164643242,
        "pi_cuberoot_deviation": 0.1825646660845437,
        "cross_correlation": -0.5696665009724856,
        "dominant_dimension": "E",
        "casimir_invariants": [
          17.99920814657215,
          -17.761225112700487
        ],
        "sl2c_deviation": 0.3112235513691223
      }
    },
    {
      "event_data": {
        "name": "GW170814",
        "gps_time": 1186741861.5,
        "mass_1": 30.5,
        "mass_2": 25.3,
        "chirp_mass": 24.1,
        "total_mass": 55.8,
        "mass_ratio": 0.8295081967213115,
        "effective_spin": 0.07,
        "final_spin": 0.06,
        "luminosity_distance": 540.0,
        "snr": 15.9,
        "peak_frequency": 220.0,
        "radiated_energy": 2.6
      },
      "gift_result": {
        "convergence_success": true,
        "phi_optimal": [
          3.0,
          3.769098042103632e-05,
          -3.773715903135697e-05,
          -3.772769692254531e-05,
          -3.0,
          -3.0
        ],
        "pi_cuberoot_ratio": 1.2572872461116672e-05,
        "pi_cuberoot_deviation": 0.9999914154430541,
        "cross_correlation": 0.9999998576435403,
        "dominant_dimension": "S",
        "casimir_invariants": [
          -26.99999999573192,
          0.0006789350182496316
        ],
        "sl2c_deviation": 0.4399999002556208
      }
    },
    {
      "event_data": {
        "name": "GW170817",
        "gps_time": 1187008882.4,
        "mass_1": 1.46,
        "mass_2": 1.27,
        "chirp_mass": 1.186,
        "total_mass": 2.73,
        "mass_ratio": 0.8698630136986302,
        "effective_spin": 0.0,
        "final_spin": 0.04,
        "luminosity_distance": 40.0,
        "snr": 32.4,
        "peak_frequency": 1100.0,
        "radiated_energy": 0.025
      },
      "gift_result": {
        "convergence_success": true,
        "phi_optimal": [
          3.0,
          5.0544401052893744e-05,
          5.133689964940086e-05,
          4.920813106034446e-05,
          3.0,
          3.0
        ],
        "pi_cuberoot_ratio": 1.679026824158426e-05,
        "pi_cuberoot_deviation": 0.9999885358724269,
        "cross_correlation": 0.9998479096171115,
        "dominant_dimension": "S",
        "casimir_invariants": [
          -26.999999992388346,
          0.0009065365905758344
        ],
        "sl2c_deviation": 0.43989353656281904
      }
    },
    {
      "event_data": {
        "name": "GW190521",
        "gps_time": 1242442967.4,
        "mass_1": 85.0,
        "mass_2": 66.0,
        "chirp_mass": 67.0,
        "total_mass": 151.0,
        "mass_ratio": 0.7764705882352941,
        "effective_spin": 0.08,
        "final_spin": 0.69,
        "luminosity_distance": 5300.0,
        "snr": 14.7,
        "peak_frequency": 60.0,
        "radiated_energy": 9.0
      },
      "gift_result": {
        "convergence_success": true,
        "phi_optimal": [
          0.019897957071599765,
          3.0,
          3.0,
          3.0,
          0.019897780054618,
          -3.0
        ],
        "pi_cuberoot_ratio": 1.7319746167607664,
        "pi_cuberoot_deviation": 0.1825646662869497,
        "cross_correlation": -0.5696665159695318,
        "dominant_dimension": "E",
        "casimir_invariants": [
          17.999208149653274,
          -17.761225577242694
        ],
        "sl2c_deviation": 0.3112235409097025
      }
    },
    {
      "event_data": {
        "name": "GW190412",
        "gps_time": 1239082262.2,
        "mass_1": 30.1,
        "mass_2": 8.3,
        "chirp_mass": 12.2,
        "total_mass": 38.4,
        "mass_ratio": 0.27574750830564787,
        "effective_spin": 0.25,
        "final_spin": 0.32,
        "luminosity_distance": 730.0,
        "snr": 19.1,
        "peak_frequency": 300.0,
        "radiated_energy": 1.3
      },
      "gift_result": {
        "convergence_success": true,
        "phi_optimal": [
          0.019898028038681667,
          3.0,
          3.0,
          3.0,
          0.019897993498731534,
          -3.0
        ],
        "pi_cuberoot_ratio": 1.7319746156717986,
        "pi_cuberoot_deviation": 0.18256466554341982,
        "cross_correlation": -0.5696664608788052,
        "dominant_dimension": "E",
        "casimir_invariants": [
          17.999208138334897,
          -17.76122387077552
        ],
        "sl2c_deviation": 0.3112235793317375
      }
    },
    {
      "event_data": {
        "name": "GW190425",
        "gps_time": 1240215503.0,
        "mass_1": 1.88,
        "mass_2": 1.59,
        "chirp_mass": 1.44,
        "total_mass": 3.47,
        "mass_ratio": 0.8457446808510639,
        "effective_spin": -0.01,
        "final_spin": 0.09,
        "luminosity_distance": 159.0,
        "snr": 12.9,