{
  "method": "spectral_fourier_extraction",
  "n_forms_extracted": 67,
  "target_forms": 77,
  "det_gram_spectral": 0.0,
  "eigenvalues": {
    "all": [
      -1.2217855180720261e-18,
      -7.69659797686631e-19,
      -4.213003381194367e-19,
      -2.1713890606303884e-20,
      7.361646373095718e-19,
      8.352118349940317e-19,
      1.3569594187264415e-18,
      2.389691315463261e-09,
      2.7542093013670992e-08,
      7.377857718589693e-08,
      4.7082798850006125e-06,
      5.6529671340169e-06,
      1.0585783061098402e-05,
      1.2264049780196975e-05,
      1.631388314303265e-05,
      2.2059541856371167e-05,
      2.3002553863094742e-05,
      2.6919277458723874e-05,
      3.6253152062146254e-05,
      4.682011908556903e-05,
      5.177025812121047e-05,
      5.995702750231989e-05,
      6.475933693783766e-05,
      7.235965532464048e-05,
      9.14647609508896e-05,
      9.857532374470206e-05,
      0.00012646585551253958,
      0.00014052449736819817,
      0.00015277087132012818,
      0.00016358334630412063,
      0.00018870257224526106,
      0.00022460081970232846,
      0.00023656775339696512,
      0.00027719276595310183,
      0.00031361280016455425,
      0.00031798272026249783,
      0.0003359869741889237,
      0.00038410077199533247,
      0.00041761001299669596,
      0.00044682086998244406,
      0.0004833483559546111,
      0.0005012331635907033,
      0.0006092698290174391,
      0.0006723487129042173,
      0.000699872282288791,
      0.0007689238897591674,
      0.0008352436812133128,
      0.0009270625475112457,
      0.0011165246573451683,
      0.0013121880069285694,
      0.001438526503749161,
      0.0015769211829746446,
      0.0017192241958496573,
      0.001946037539127354,
      0.0022541790146156948,
      0.0024403362316487653,
      0.005430762643335793,
      0.009269732576193871,
      0.011562697028628765,
      0.01631346259976329,
      0.017026154794563958,
      0.02029559660893131,
      0.022967099876551534,
      0.024708202186131022,
      0.03217939855120569,
      0.034781151302022084,
      0.035769010422583465,
      0.048937553132508804,
      0.06028247891741535,
      0.06468236380636845,
      0.07431124724975227,
      0.08061014269363873,
      0.08811242108013112,
      0.10480973221194158,
      0.13071553359505927,
      0.2853142442448017,
      29709436842.135113
    ],
    "min": -1.2217855180720261e-18,
    "max": 29709436842.135113,
    "mean": 385836842.1211281,
    "n_positive": 67
  },
  "gift_parameters": {
    "tau": 3.8967452300785634,
    "xi": 0.9817477042468103,
    "gamma": 0.5780542986425339
  },
  "mode_statistics": {
    "k_norm_min": 0.0,
    "k_norm_max": 4.264343321277312,
    "k_norm_mean": 3.227643729841503
  },
  "grid_resolution": 8,
  "success": 