{
  "reference_config": {
    "name": "E8\u00d7E8_K7",
    "b2": 21,
    "b3": 77,
    "mean_deviation_percent": 0.19824806112420376
  },
  "alternative_configs": {
    "count": 10000,
    "mean_deviation_percent": 83.99401317738011,
    "std_deviation_percent": 13.41197880914401,
    "min_deviation_percent": 42.12029271081443,
    "max_deviation_percent": 149.37121037385998
  },
  "statistical_significance": {
    "z_score": -6.247830115801084,
    "p_value": 4.161939872511649e-10,
    "sigma_separation": 6.247830115801084
  },
  "conclusion": "EXTREMELY SIGNIFICANT: The GIFT configuration is >5\u03c3 away from random alternatives. Strong evidence against overfitting."
}