{
  "method_a": {
    "name": "A: Constrained (31/21, -10/21)",
    "lags": [
      8,
      21
    ],
    "coefficients": [
      1.4761904761904763,
      -0.47619047619047616
    ],
    "intercept": 1.7645405850258666,
    "r2": 0.9999999717264907,
    "mae": 0.35216299722710176,
    "rmse": 0.46145423546019126,
    "sigma": 0.46145423546019126
  },
  "method_b": {
    "name": "B: Optimal lags (136, 149) free-fit",
    "lags": [
      136,
      149
    ],
    "coefficients": [
      7.070672687639165,
      -6.072696350341554
    ],
    "intercept": 65.62817345854455,
    "r2": 0.9999975612355534,
    "mae": 2.9483035064178926,
    "rmse": 4.214558109336976,
    "sigma": 4.214558109336976
  },
  "method_c": {
    "name": "C: Theoretical lags (8, 21) free-fit",
    "lags": [
      8,
      21
    ],
    "coefficients": [
      1.4935194472336397,
      -0.4935838601755716
    ],
    "intercept": 1.8848011006948582,
    "r2": 0.9999999774830088,
    "mae": 0.3211169886744443,
    "rmse": 0.4118072201874182,
    "sigma": 0.4118072201874182
  },
  "method_d": {
    "name": "D: GIFT (8, 21, 77) free-fit",
    "lags": [
      8,
      21,
      77
    ],
    "coefficients": [
      1.1386758088426734,
      -0.05634234435070394,
      -0.08238568207676913
    ],
    "intercept": 1.7977628882881618,
    "r2": 0.9999999831489512,
    "mae": 0.2761181383833473,
    "rmse": 0.35362567744066514,
    "sigma": 0.35362567744066514
  },
  "method_e": {
    "name": "E: Systematic best (8, 21, 140)",
    "lags": [
      8,
      21,
      140
    ],
    "coefficients": [
      1.0634005663025332,
      -0.018645772033579006,
      -0.04480839106218917
    ],
    "intercept": 2.039795487723495,
    "r2": 0.9999999846361521,
    "mae": 0.2651359560618385,
    "rmse": 0.33490550411804615,
    "sigma": 0.33490550411804615
  },
  "comparisons": {
    "constraint_vs_freefit": 12.055887521879319,
    "theoretical_vs_optimal": 923.4298727008435,
    "gift_vs_systematic": -5.29378224401141
  },
  "conclusion": {
    "freefit_matches_theory": true,
    "theoretical_beats_optimal": true
  }
}