{
  "closest_zeros": {
    "dim_K7": {
      "value": 7,
      "zero_index": 1,
      "gamma": 14.134725142,
      "deviation": 7.134725142000001,
      "percent": 101.9246448857143
    },
    "rank_E8": {
      "value": 8,
      "zero_index": 1,
      "gamma": 14.134725142,
      "deviation": 6.134725142000001,
      "percent": 76.68406427500001
    },
    "dim_G2": {
      "value": 14,
      "zero_index": 1,
      "gamma": 14.134725142,
      "deviation": 0.13472514200000063,
      "percent": 0.9623224428571474
    },
    "b2": {
      "value": 21,
      "zero_index": 2,
      "gamma": 21.022039639,
      "deviation": 0.022039638999999056,
      "percent": 0.10495066190475741
    },
    "dim_J3O": {
      "value": 27,
      "zero_index": 3,
      "gamma": 25.01085758,
      "deviation": -1.9891424200000003,
      "percent": 7.367194148148149
    },
    "h_E8": {
      "value": 30,
      "zero_index": 4,
      "gamma": 30.424876126,
      "deviation": 0.4248761260000009,
      "percent": 1.4162537533333364
    },
    "L8_lucas": {
      "value": 47,
      "zero_index": 9,
      "gamma": 48.005150881,
      "deviation": 1.0051508809999987,
      "percent": 2.138618895744678
    },
    "fund_E7": {
      "value": 56,
      "zero_index": 12,
      "gamma": 56.446247697,
      "deviation": 0.4462476969999969,
      "percent": 0.7968708874999945
    },
    "kappa_inv": {
      "value": 61,
      "zero_index": 14,
      "gamma": 60.831778525,
      "deviation": -0.16822147500000284,
      "percent": 0.2757729098360702
    },
    "b3": {
      "value": 77,
      "zero_index": 20,
      "gamma": 77.144840069,
      "deviation": 0.14484006899999713,
      "percent": 0.188103985714282
    },
    "H_star": {
      "value": 99,
      "zero_index": 29,
      "gamma": 98.831194218,
      "deviation": -0.16880578200000684,
      "percent": 0.17051089090909782
    },
    "dim_E7": {
      "value": 133,
      "zero_index": 45,
      "gamma": 133.497737203,
      "deviation": 0.497737203000014,
      "percent": 0.3742384984962511
    },
    "dim_E8": {
      "value": 248,
      "zero_index": 107,
      "gamma": 248.10199006,
      "deviation": 0.10199005999999144,
      "percent": 0.04112502419354494
    }
  },
  "sum_results": {
    "L8_lucas": {
      "i": 1,
      "j": 5,
      "gi": 14.134725142,
      "gj": 32.935061588,
      "sum": 47.069786730000004,
      "error": 0.06978673000000413
    },
    "kappa_inv": {
      "i": 4,
      "j": 4,
      "gi": 30.424876126,
      "gj": 30.424876126,
      "sum": 60.849752252,
      "error": -0.15024774799999818
    },
    "b3": {
      "i": 2,
      "j": 12,
      "gi": 21.022039639,
      "gj": 56.446247697,
      "sum": 77.468287336,
      "error": 0.46828733600000305
    },
    "H_star": {
      "i": 1,
      "j": 23,
      "gi": 14.134725142,
      "gj": 84.735492981,
      "sum": 98.870218123,
      "error": -0.1297818769999992
    },
    "dim_E7": {
      "i": 1,
      "j": 38,
      "gi": 14.134725142,
      "gj": 118.790782866,
      "sum": 132.925508008,
      "error": -0.07449199199999157
    },
    "dim_E8": {
      "i": 14,
      "j": 73,
      "gi": 60.831778525,
      "gj": 187.228922584,
      "sum": 248.060701109,
      "error": 0.060701109000007136
    }
  },
  "diff_results": {
    "dim_K7": {
      "i": 94,
      "j": 98,
      "gi": 224.98332467,
      "gj": 231.987235253,
      "diff": 7.003910582999993,
      "error": 0.0039105829999925845
    },
    "rank_E8": {
      "i": 5,
      "j": 7,
      "gi": 32.935061588,
      "gj": 40.918719012,
      "diff": 7.983657423999993,
      "error": -0.01634257600000666
    },
    "dim_G2": {
      "i": 73,
      "j": 80,
      "gi": 187.228922584,
      "gj": 201.264751944,
      "diff": 14.035829360000008,
      "error": 0.03582936000000814
    },
    "b2": {
      "i": 59,
      "j": 70,
      "gi": 161.188964138,
      "gj": 182.207078484,
      "diff": 21.018114346000004,
      "error": 0.01811434600000439
    },
    "dim_J3O": {
      "i": 2,
      "j": 9,
      "gi": 21.022039639,
      "gj": 48.005150881,
      "diff": 26.983111242,
      "error": -0.016888758000000337
    },
    "h_E8": {
      "i": 80,
      "j": 97,
      "gi": 201.264751944,
      "gj": 231.2501887,
      "diff": 29.985436755999984,
      "error": -0.01456324400001563
    },
    "L8_lucas": {
      "i": 35,
      "j": 58,
      "gi": 111.874659177,
      "gj": 158.849988171,
      "diff": 46.97532899400001,
      "error": -0.02467100599999128
    },
    "fund_E7": {
      "i": 43,
      "j": 72,
      "gi": 129.5787042,
      "gj": 185.598783678,
      "diff": 56.020079477999985,
      "error": 0.02007947799998533
    },
    "kappa_inv": {
      "i": 60,
      "j": 93,
      "gi": 163.030709687,
      "gj": 224.007000255,
      "diff": 60.976290567999996,
      "error": -0.02370943200000397
    },
    "b3": {
      "i": 41,
      "j": 80,
      "gi": 124.256818554,
      "gj": 201.264751944,
      "diff": 77.00793339,
      "error": 0.007933390000005147
    },
    "H_star": {
      "i": 36,
      "j": 87,
      "gi": 114.320220915,
      "gj": 213.34791936,
      "diff": 99.027698445,
      "error": 0.027698444999998628
    },
    "dim_E7": {
      "i": 12,
      "j": 74,
      "gi": 56.446247697,
      "gj": 189.416158656,
      "diff": 132.969910959,
      "error": -0.03008904099999654
    }
  },
  "weinberg_angle": {
    "target": 0.23076923076923078,
    "from_rounded": 0.23076923076923078,
    "from_exact": 0.23030389759642123,
    "error_rounded_pct": 0.0,
    "error_exact_pct": 0.20164437488414122
  },
  "significant_indices": {
    "1": {
      "meaning": "dim_G2",
      "target": 14
    },
    "2": {
      "meaning": "b2",
      "target": 21
    },
    "4": {
      "meaning": "h_E8",
      "target": 30
    },
    "7": {
      "meaning": "m_t/m_b",
      "target": 41
    },
    "9": {
      "meaning": "L8+1",
      "target": 48
    },
    "10": {
      "meaning": "theta_23",
      "target": 50
    },
    "12": {
      "meaning": "fund_E7",
      "target": 56
    },
    "14": {
      "meaning": "kappa_inv",
      "target": 61
    },
    "15": {
      "meaning": "det_g_num",
      "target": 65
    },
    "20": {
      "meaning": "b3",
      "target": 77
    },
    "29": {
      "meaning": "H_star",
      "target": 99
    },
    "45": {
      "meaning": "dim_E7",
      "target": 133
    },
    "107": {
      "meaning": "dim_E8",
      "target": 248
    }
  }
}