{
  "lambdas": [
    0.01998485240367076,
    0.07990232480051174,
    0.17964130642570608,
    0.31901709093706176,
    0.4977720915075312,
    0.7155768373538609,
    0.9720312471270989,
    1.266666173321982,
    1.5989452106214608,
    1.9682667598864958,
    2.37396633833481,
    2.815319125332014,
    3.2915427321490336,
    3.8018001830266517,
    4.345203093936362,
    4.9208150345402295,
    5.527655058036336,
    6.164701382834577,
    6.830895209341966,
    7.525144654553047,
    8.246328786639603,
    8.993301741319218,
    9.764896901454069,
    10.55993112109341,
    11.37720897502496,
    12.21552701484256,
    13.073678012571577,
    13.95045517301778,
    14.844656296219007,
    15.755087871683301,
    16.680569086485953,
    17.61993572977476,
    18.572043976790347,
    19.535774036146712,
    20.510033644831495,
    21.493761396174975,
    22.48592988689078,
    23.485548670216474,
    24.491667003160828,
    25.503376376904164,
    26.51981282048355,
    27.54015896902714,
    28.56364588897284,
    29.58955465390992,
    30.6172176659135,
    31.6460197184943,
    32.67539879855271,
    33.70484662600214,
    34.73390893100502,
    35.76218547003812,
    36.7893297832679,
    37.815048696965384,
    38.839101575911,
    39.86129933194034,
    40.881503195941065,
    41.899623261731335,
    42.91561681132961,
    43.9294864321468,
    44.94127793760251,
    45.95107810357747,
    46.959012233952855,
    47.96524156926782,
    48.969960553223785,
    49.97339397239213,
    50.97579398502944,
    51.97743705536729,
    52.97862081012816,
    53.979660834314025,
    54.98088742352239,
    55.98264231017099,
    56.985275381040196,
    57.98914140349454,
    58.99459677759893,
    60.00199633111899,
    61.0116901740829,
    62.02402062918213,
    63.03931925381393,
    64.05790396900957,
    65.0800763098606,
    66.10611881134918,
    67.13629254271883,
    68.17083480267566,
    69.20995698682201,
    70.25384263776071,
    71.30264568730884,
    72.3564888992078,
    73.41546251962522,
    74.479623141622,
    75.54899278859808,
    76.62355822056469,
    77.70327046588417,
    78.78804457992699,
    79.87775963087985,
    80.97225891173446,
    82.07135037628781,
    83.17480729579961,
    84.28236913178895,
    85.39374261930979,
    86.50860305394119,
    87.62659577465813
  ],
  "positivity": {
    "all_positive": true,
    "min_value": 0.01998485240367076,
    "min_index": 1,
    "count": 100
  },
  "ratios": {
    "consecutive": [
      [
        1,
        3.9981443538625037
      ],
      [
        2,
        2.248261322486021
      ],
      [
        3,
        1.7758559948404575
      ],
      [
        4,
        1.5603304827506426
      ],
      [
        5,
        1.437559175297867
      ],
      [
        6,
        1.3583883608105363
      ],
      [
        7,
        1.3031126078155364
      ],
      [
        8,
        1.2623256579340378
      ],
      [
        9,
        1.2309782391614852
      ],
      [
        10,
        1.20612022044802
      ],
      [
        11,
        1.1859136668748156
      ],
      [
        12,
        1.169154396221728
      ],
      [
        13,
        1.1550207584710508
      ],
      [
        14,
        1.1429330540136653
      ],
      [
        15,
        1.1324706643533236
      ],
      [
        16,
        1.1233210391442412
      ],
      [
        17,
        1.1152471198201988
      ],
      [
        18,
        1.10806587134332
      ],
      [
        19,
        1.1016337425673903
      ],
      [
        20,
        1.0958365805832326
      ]
    ],
    "gift_indices": [
      {
        "n": 5,
        "lambda_n": 0.4977720915075312,
        "lambda_n_over_lambda_1": 24.907468989668487,
        "ratio_to_n": 4.981493797933697
      },
      {
        "n": 7,
        "lambda_n": 0.9720312471270989,
        "lambda_n_over_lambda_1": 48.63840009889485,
        "ratio_to_n": 6.948342871270692
      },
      {
        "n": 8,
        "lambda_n": 1.266666173321982,
        "lambda_n_over_lambda_1": 63.38131239284631,
        "ratio_to_n": 7.922664049105789
      },
      {
        "n": 13,
        "lambda_n": 3.2915427321490336,
        "lambda_n_over_lambda_1": 164.70187848595032,
        "ratio_to_n": 12.669375268150024
      },
      {
        "n": 14,
        "lambda_n": 3.8018001830266517,
        "lambda_n_over_lambda_1": 190.23408861044916,
        "ratio_to_n": 13.588149186460655
      },
      {
        "n": 21,
        "lambda_n": 8.246328786639603,
        "lambda_n_over_lambda_1": 412.62895617507496,
        "ratio_to_n": 19.648997913098807
      },
      {
        "n": 27,
        "lambda_n": 13.073678012571577,
        "lambda_n_over_lambda_1": 654.1793628743658,
        "ratio_to_n": 24.228865291643178
      },
      {
        "n": 77,
        "lambda_n": 63.03931925381393,
        "lambda_n_over_lambda_1": 3154.355007507338,
        "ratio_to_n": 40.965649448147246
      },
      {
        "n": 99,
        "lambda_n": 86.50860305394119,
        "lambda_n_over_lambda_1": 4328.708629244194,
        "ratio_to_n": 43.72432958832519
      }
    ],
    "special": [
      {
        "name": "3/13 = sin\u00b2\u03b8_W",
        "indices": [
          3,
          13
        ],
        "observed": 0.05457662896827078,
        "expected_if_linear": 0.23076923076923078,
        "deviation_percent": 76.35012744708266
      },
      {
        "name": "b\u2082/b\u2083",
        "indices": [
          21,
          77
        ],
        "observed": 0.13081246568411656,
        "expected_if_linear": 0.2727272727272727,
        "deviation_percent": 52.03542924915726
      },
      {
        "name": "dim(G\u2082)/H*",
        "indices": [
          14,
          99
        ],
        "observed": 0.04394707634633858,
        "expected_if_linear": 0.1414141414141414,
        "deviation_percent": 68.92313886937487
      },
      {
        "name": "Fibonacci ratio",
        "indices": [
          8,
          13
        ],
        "observed": 0.38482446572856166,
        "expected_if_linear": 0.6153846153846154,
        "deviation_percent": 37.46602431910873
      }
    ]
  },
  "special_indices": {
    "dim_G2": {
      "index": 14,
      "lambda_value": 3.8018001830266517,
      "lambda_over_index": 0.27155715593047514,
      "lambda_times_100": 380.1800183026652,
      "lambda_times_H_star": 376.3782181196385
    },
    "b2": {
      "index": 21,
      "lambda_value": 8.246328786639603,
      "lambda_over_index": 0.3926823231733144,
      "lambda_times_100": 824.6328786639604,
      "lambda_times_H_star": 816.3865498773207
    },
    "dim_J3O": {
      "index": 27,
      "lambda_value": 13.073678012571577,
      "lambda_over_index": 0.48421029676191024,
      "lambda_times_100": 1307.3678012571577,
      "lambda_times_H_star": 1294.294123244586
    },
    "b3": {
      "index": 77,
      "lambda_value": 63.03931925381393,
      "lambda_over_index": 0.8186924578417394,
      "lambda_times_100": 6303.931925381393,
      "lambda_times_H_star": 6240.892606127579
    },
    "H_star": {
      "index": 99,
      "lambda_value": 86.50860305394119,
      "lambda_over_index": 0.8738242732721332,
      "lambda_times_100": 8650.860305394119,
      "lambda_times_H_star": 8564.351702340178
    }
  },
  "deviations": {
    "1": 0.0,
    "2": 0.039932619993170215,
    "3": 0.1196867492146938,
    "4": 0.23907768132237872,
    "5": 0.3978478294891774,
    "6": 0.5956677229318363,
    "7": 0.8321372803014035,
    "8": 1.1067873540926159,
    "9": 1.419081538988424,
    "10": 1.7684182358497882,
    "11": 2.154132961894432,
    "12": 2.5755008964879647,
    "13": 3.0317396509013137,
    "14": 3.522012249375261,
    "15": 4.0454303078813005,
    "16": 4.601057396081497,
    "17": 5.1879125671739335,
    "18": 5.804974039568504,
    "19": 6.451183013672221,
    "20": 7.125447606479632,
    "21": 7.826646886162518,
    "22": 8.55363498843846,
    "23": 9.305245296169641,