{
  "raw_zeros": {
    "name": "Raw zeros [8, 21]",
    "lags": [
      8,
      21
    ],
    "coefficients": [
      1.4935194472336397,
      -0.4935838601755716
    ],
    "intercept": 1.8848011006948582,
    "r2": 0.9999999774830088,
    "residual_std": 0.4118072201874182,
    "coeff_sum": 0.9999355870580682
  },
  "spacings": {
    "name": "Spacings [8, 21]",
    "lags": [
      8,
      21
    ],
    "coefficients": [
      0.3653898751357627,
      0.3063226268480235
    ],
    "intercept": 0.32026412998865195,
    "r2": 0.4409928610511715,
    "residual_std": 0.15390153387674818,
    "coeff_sum": 0.6717125019837862
  },
  "spacings_fibonacci": {
    "name": "Spacings Fib [8,13,21]",
    "lags": [
      8,
      13,
      21
    ],
    "coefficients": [
      0.2612457320715866,
      0.26953884096257735,
      0.21484597359906166
    ],
    "intercept": 0.24766127562866236,
    "r2": 0.48426194515930565,
    "residual_std": 0.14782533101929046,
    "coeff_sum": 0.7456305466332256
  },
  "spacings_optimal": {
    "name": "Spacings [8,21,140]",
    "lags": [
      8,
      21,
      140
    ],
    "coefficients": [
      0.2651464059348479,
      0.26079731670684403,
      0.179750637837613
    ],
    "intercept": 0.28214853191015177,
    "r2": 0.4364633619792787,
    "residual_std": 0.12733825517109695,
    "coeff_sum": 0.7056943604793049
  },
  "fluctuations": {
    "name": "Fluctuations [8, 21]",
    "lags": [
      8,
      21
    ],
    "coefficients": [
      0.9986357028095503,
      0.0006514005445320398
    ],
    "intercept": -0.0005907299660297127,
    "r2": 0.9973545443160725,
    "residual_std": 0.3313483292136168,
    "coeff_sum": 0.9992871033540823
  },
  "fluctuations_fibonacci": {
    "name": "Fluctuations Fib",
    "lags": [
      8,
      13,
      21
    ],
    "coefficients": [
      1.0022191984574054,
      -0.005819910183701859,
      0.0028877671894184335
    ],
    "intercept": -0.0005911980193076261,
    "r2": 0.9973545787062338,
    "residual_std": 0.33134617549023954,
    "coeff_sum": 0.9992870554631219
  },
  "fluctuations_optimal": {
    "name": "Fluctuations [8,21,140]",
    "lags": [
      8,
      21,
      140
    ],
    "coefficients": [
      1.0013338014382505,
      0.00432525617757625,
      -0.0064989290443925535
    ],
    "intercept": -0.0012566629952361907,
    "r2": 0.9973726287583413,
    "residual_std": 0.33096555300700914,
    "coeff_sum": 0.9991601285714341
  },
  "top_spacings_lags": [
    {
      "name": "[4, 9]",
      "lags": [
        4,
        9
      ],
      "coefficients": [
        0.37130132678034045,
        0.36463204778977654
      ],
      "intercept": 0.2585226357589617,
      "r2": 0.5013830725187243,
      "residual_std": 0.15310535982136672,
      "coeff_sum": 0.735933374570117
    },
    {
      "name": "[6, 9]",
      "lags": [
        6,
        9
      ],
      "coefficients": [
        0.36130801633284393,
        0.3670884757548599
      ],
      "intercept": 0.2657459874884722,
      "r2": 0.49940893097214734,
      "residual_std": 0.15340815045546388,
      "coeff_sum": 0.7283964920877039
    },
    {
      "name": "[3, 9]",
      "lags": [
        3,
        9
      ],
      "coefficients": [
        0.3505414369744885,
        0.38108658926977235
      ],
      "intercept": 0.262824513652934,
      "r2": 0.49278840663480195,
      "residual_std": 0.15441926152742147,
      "coeff_sum": 0.7316280262442608
    },
    {
      "name": "[5, 9]",
      "lags": [
        5,
        9
      ],
      "coefficients": [
        0.34106562742929764,
        0.37653846055942025
      ],
      "intercept": 0.2764269546182698,
      "r2": 0.4883962819455814,
      "residual_std": 0.15508640589802924,
      "coeff_sum": 0.7176040879887179
    },
    {
      "name": "[4, 7]",
      "lags": [
        4,
        7
      ],
      "coefficients": [
        0.3829104789307505,
        0.3494250559670276
      ],
      "intercept": 0.2623486588421514,
      "r2": 0.4883004019421284,
      "residual_std": 0.15742201273780496,
      "coeff_sum": 0.732335534897778
    },
    {
      "name": "[3, 6]",
      "lags": [
        3,
        6
      ],
      "coefficients": [
        0.3799685953919203,
        0.3535407496588729
      ],
      "intercept": 0.2613482304446145,
      "r2": 0.48815775146464824,
      "residual_std": 0.157765451960771,
      "coeff_sum": 0.7335093450507932
    },
    {
      "name": "[9, 13]",
      "lags": [
        9,
        13
      ],
      "coefficients": [
        0.3659773180701787,
        0.34197649352887693
      ],
      "intercept": 0.2852468430975652,
      "r2": 0.48784936701280723,
      "residual_std": 0.15269630283185745,
      "coeff_sum": 0.7079538115990556
    },
    {
      "name": "[4, 15]",
      "lags": [
        4,
        15
      ],
      "coefficients": [
        0.3688001189064174,
        0.35268712226912885
      ],
      "intercept": 0.2720872805120752,
      "r2": 0.48619105922481287,
      "residual_std": 0.15095330292840026,
      "coeff_sum": 0.7214872411755462
    },
    {
      "name": "[5, 13]",
      "lags": [
        5,
        13
      ],
      "coefficients": [
        0.3589496532206535,
        0.3658985881081996
      ],
      "intercept": 0.2689799276794559,
      "r2": 0.4851521098183855,
      "residual_std": 0.1530978647241913,
      "coeff_sum": 0.7248482413288531
    },
    {
      "name": "[4, 10]",
      "lags": [
        4,
        10
      ],
      "coefficients": [
        0.3890110047035074,
        0.33662461567097185
      ],
      "intercept": 0.2685903405938578,
      "r2": 0.48475820183784746,
      "residual_std": 0.15483140498304646,
      "coeff_sum": 0.7256356203744793
    }
  ],
  "interpretation": {
    "spacings_has_structure": true,
    "fluctuations_has_structure": true,
    "structure_is_in_growth": false
  }
}