{
  "final_torsion": 6.9685e-08,
  "final_det_gram_h2": 464258924544.0,
  "rank_h2": 21,
  "training_time_hours": 1.76,
  "gift_params": {
    "tau": 3.8967452300785634,
    "xi": 0.9817477042468103,
    "gamma": 0.5780542986425339,
    "phi": 1.618033988749895,
    "beta0": 0.39269908169872414,
    "delta": 0.25132741228718347,
    "b2": 21,
    "b3": 77,
    "chi": 0,
    "h_star": 99,
    "b2_m1": 11,
    "b3_m1": 40,
    "b2_m2": 10,
    "b3_m2": 37,
    "dim_su3": 8,
    "dim_su2": 3,
    "dim_u1": 1,
    "dim_hidden": 9
  },
  "success": true
}