{
  "M1": {
    "metric_mean": [
      [
        1.0036050081253052,
        -0.18350078165531158,
        -0.06143779680132866,
        -8.225175918141758e-08,
        0.07051480561494827,
        -0.03641841560602188,
        1.0319634036193293e-08
      ],
      [
        -0.18350078165531158,
        0.9503138661384583,
        -0.03865587338805199,
        -7.611946273300418e-08,
        -0.021567413583397865,
        0.016949018463492393,
        2.276892452357515e-08
      ],
      [
        -0.06143780052661896,
        -0.038655877113342285,
        1.0205470323562622,
        -0.023220837116241455,
        -0.025399133563041687,
        -0.019564460963010788,
        -0.10064203292131424
      ],
      [
        -8.135439344414408e-08,
        -7.447379601899229e-08,
        -0.023220838978886604,
        1.052431583404541,
        0.06407304853200912,
        0.01761438138782978,
        0.06352359056472778
      ],
      [
        0.07051480561494827,
        -0.021567411720752716,
        -0.025399131700396538,
        0.06407304853200912,
        1.0278911590576172,
        -0.08482017368078232,
        -0.04103507101535797
      ],
      [
        -0.03641842305660248,
        0.016949018463492393,
        -0.019564462825655937,
        0.01761437952518463,
        -0.08482017368078232,
        1.0499666929244995,
        -0.042065247893333435
      ],
      [
        9.945539503064538e-09,
        2.415190003546286e-08,
        -0.10064203292131424,
        0.06352359056472778,
        -0.04103507101535797,
        -0.042065247893333435,
        0.9790696501731873
      ]
    ],
    "metric_std": [
      [
        0.0002587326744105667,
        0.002788154175505042,
        0.0010662336135283113,
        6.826623888400718e-08,
        0.0015443360898643732,
        0.0007481935899704695,
        6.351834969109404e-08
      ],
      [
        0.0027881506830453873,
        0.0006926110363565385,
        0.0006797615787945688,
        1.1637088448424038e-07,
        0.0004259960260242224,
        0.000718070543371141,
        1.1536135957612714e-07
      ],
      [
        0.001066233846358955,
        0.0006797643145546317,
        0.0003673782921396196,
        0.000543185044080019,
        0.0005739511107094586,
        0.0007262387662194669,
        0.0015670115826651454
      ],
      [
        6.799646001809379e-08,
        1.1696386081894161e-07,
        0.0005431827739812434,
        0.0037423926405608654,
        0.0016526735853403807,
        0.001803387887775898,
        0.002510140649974346
      ],
      [
        0.0015443352749571204,
        0.00042599585140123963,
        0.0005739516345784068,
        0.001652672654017806,
        0.0004267386393621564,
        0.0014136835234239697,
        0.000865743902977556
      ],
      [
        0.0007481949287466705,
        0.0007180708926171064,
        0.0007262379513122141,
        0.0018033911474049091,
        0.0014136863173916936,
        0.0008365777903236449,
        0.0006977553712204099
      ],
      [
        6.434253663201162e-08,
        1.1636765151479267e-07,
        0.0015670092543587089,
        0.0025101397186517715,
        0.0008657460566610098,
        0.0006977556622587144,
        0.0008052306366153061
      ]
    ],
    "det_g": 1.0
  },
  "Neck": {
    "metric_mean": [
      [
        0.9903662800788879,
        -0.07380342483520508,
        -0.042171724140644073,
        -1.0010915474367721e-07,
        0.04548688605427742,
        -0.02699369378387928,
        -6.890686243821165e-09
      ],
      [
        -0.07380343228578568,
        0.9956777691841125,
        -0.015445596538484097,
        4.082525961734973e-08,
        -0.014355995692312717,
        0.032271213829517365,
        7.216797115461304e-08
      ],
      [
        -0.042171724140644073,
        -0.01544559933245182,
        0.9855430126190186,
        -0.032263778150081635,
        -0.035820022225379944,
        0.03780076280236244,
        -0.051986828446388245
      ],
      [
        -1.0100008296376473e-07,
        3.946272286725616e-08,
        -0.032263778150081635,
        1.0859531164169312,
        0.0631052777171135,
        0.08534763753414154,
        0.09581407159566879
      ],
      [
        0.04548688232898712,
        -0.014355995692312717,
        -0.035820022225379944,
        0.06310528516769409,
        1.004639983177185,
        -0.039503391832113266,
        -0.032258450984954834
      ],
      [
        -0.02699369192123413,
        0.03227122128009796,
        0.037800759077072144,
        0.08534763753414154,
        -0.039503391832113266,
        1.0418648719787598,
        -0.021931692957878113
      ],
      [
        -4.487801241737088e-09,
        6.972436494834255e-08,
        -0.05198682099580765,
        0.0958140641450882,
        -0.03225845843553543,
        -0.021931691095232964,
        0.9609914422035217
      ]
    ],
    "metric_std": [
      [
        0.011192730627954006,
        0.06338493525981903,
        0.018474970012903214,
        1.2516510139448656e-07,
        0.018116654828190804,
        0.0073587666265666485,
        1.2682781402872934e-07
      ],
      [
        0.06338492780923843,
        0.03659629449248314,
        0.058936480432748795,
        1.8767264009511564e-07,
        0.004808321595191956,
        0.007979300804436207,
        1.5640102901670616e-07
      ],
      [
        0.018474968150258064,
        0.05893648415803909,
        0.025029398500919342,
        0.016773343086242676,
        0.020192036405205727,
        0.029324494302272797,
        0.0318155363202095
      ],
      [
        1.2481858391311107e-07,
        1.8751849495401984e-07,
        0.016773339360952377,
        0.08018866181373596,
        0.006808050442487001,
        0.03365243971347809,
        0.014142302796244621
      ],
      [
        0.018116654828190804,
        0.00480832252651453,
        0.020192034542560577,
        0.0068080490455031395,
        0.03344585373997688,
        0.0267061535269022,
        0.007985543459653854
      ],
      [
        0.007358765695244074,
        0.007979299873113632,
        0.029324496164917946,
        0.03365243226289749,
        0.0267061498016119,
        0.03588114678859711,
        0.012399950064718723
      ],
      [
        1.267866593934741e-07,
        1.5480034676329524e-07,
        0.0318155400454998,
        0.01414230465888977,
        0.007985545322299004,
        0.012399948202073574,
        0.008052662014961243
      ]
    ],
    "det_g": 1.0
  },