target,name,tier,index,gamma,diff,precision_pct,norm_precision
21,b₂,1,2,21.022039639,0.022039638999999056,0.10495066190475741,0.0042325710741642425
