{
  "final_metrics": {
    "epoch": 9999,
    "torsion": 1.0774984460226733e-07,
    "volume": 2.4617474991828203e-07,
    "topological": 1.7891895771026611,
    "boundary": 1.236792504787445,
    "det_gram_h2": 1.0021003484725952,
    "total_loss": 10.80113697052002
  },
  "phase_progression": {
    "phase1_end": {
      "epoch": 1999,
      "torsion": 5.800723738502711e-05,
      "det_gram": 1.0021008253097534
    },
    "phase2_end": {
      "epoch": 4999,
      "torsion": 5.715568022424122e-06,
      "det_gram": 1.002100944519043
    },
    "phase3_end": {
      "epoch": 7999,
      "torsion": 1.0616331564961001e-06,
      "det_gram": 1.00210040807724
    },
    "phase4_end": {
      "epoch": 9999,
      "torsion": 1.0774984460226733e-07,
      "det_gram": 1.0021003484725952
    }
  },
  "convergence": {
    "torsion_improvement_factor": 62533194.41186605,
    "min_torsion": 4.1857710186832264e-08,
    "min_torsion_epoch": 9895,
    "final_det_gram_deviation": 0.002100348472595215,
    "volume_precision": 2.4617474991828203e-07
  },
  "training_info": {
    "total_epochs": 10000,
    "training_time_hours": 1.76,
    "batch_size": 2048,
    "learning_rate": 0.0001
  },
  "topological_invariants": {
    "tau": 3.8967452300785634,
    "xi": 0.9817477042468103,
    "gamma": 0.5780542986425339,
    "phi": 1.618033988749895,
    "beta0": 0.39269908169872414,
    "delta": 0.25132741228718347,
    "b2": 21,
    "b3": 77,
    "chi": 0,
    "h_star": 99,
    "b2_m1": 11,
    "b3_m1": 40,
    "b2_m2": 10,
    "b3_m2": 37,
    "dim_su3": 8,
    "dim_su2": 3,
    "dim_u1": 1,
    "dim_hidden": 9
  }
}