{
  "version": "0.7",
  "topology": "Complete K7 (M1^T \u222a_\u03c6 M2^T)",
  "training": {
    "total_epochs": 10000,
    "total_time_hours": 0.0004888888888888889,
    "final_torsion": 1.0774984460226733e-07,
    "final_det_gram_h2": 1.0021003484725952
  },
  "validation": {},
  "topological_invariants": {
    "b2": 21,
    "b3": 77,
    "chi": 0,
    "h_star": 99
  },
  "gift_parameters": {
    "tau": 3.8967452300785634,
    "xi": 0.9817477042468103,
    "gamma": 0.5780542986425339,
    "phi": 1.618033988749895
  }
}