{
  "yukawa_couplings": {
    "(0, 0, 0)": {
      "value": 3.907186692231335e-05,
      "multiplicity": 1
    },
    "(0, 0, 1)": {
      "value": 6.902527820784599e-05,
      "multiplicity": 3
    },
    "(0, 0, 2)": {
      "value": -4.995112249162048e-05,
      "multiplicity": 3
    },
    "(0, 0, 3)": {
      "value": -1.0182160622207448e-05,
      "multiplicity": 3
    },
    "(0, 0, 4)": {
      "value": -6.070538074709475e-05,
      "multiplicity": 3
    },
    "(0, 0, 5)": {
      "value": -3.386965545359999e-05,
      "multiplicity": 3
    },
    "(0, 0, 6)": {
      "value": -3.2987489248625934e-05,
      "multiplicity": 3
    },
    "(0, 0, 7)": {
      "value": -1.538521610200405e-05,
      "multiplicity": 3
    },
    "(0, 0, 8)": {
      "value": -5.422704271040857e-05,
      "multiplicity": 3
    },
    "(0, 0, 9)": {
      "value": 9.83290738076903e-06,
      "multiplicity": 3
    },
    "(0, 1, 1)": {
      "value": 0.00012194167356938124,
      "multiplicity": 3
    },
    "(0, 1, 2)": {
      "value": -8.824482938507572e-05,
      "multiplicity": 6
    },
    "(0, 1, 3)": {
      "value": -1.7988044419325888e-05,
      "multiplicity": 6
    },
    "(0, 1, 4)": {
      "value": -0.00010724354797275737,
      "multiplicity": 6
    },
    "(0, 1, 5)": {
      "value": -5.9832233091583475e-05,
      "multiplicity": 6
    },
    "(0, 1, 6)": {
      "value": -5.827451605000533e-05,
      "multiplicity": 6
    },
    "(0, 1, 7)": {
      "value": -2.718128052947577e-05,
      "multiplicity": 6
    },
    "(0, 1, 8)": {
      "value": -9.57994197960943e-05,
      "multiplicity": 6
    },
    "(0, 1, 9)": {
      "value": 1.7370079149259254e-05,
      "multiplicity": 6
    },
    "(0, 2, 2)": {
      "value": 6.385963934008032e-05,
      "multiplicity": 3
    },
    "(0, 2, 3)": {
      "value": 1.3017305718676653e-05,
      "multiplicity": 6
    },
    "(0, 2, 4)": {
      "value": 7.760833250358701e-05,
      "multiplicity": 6
    },
    "(0, 2, 5)": {
      "value": 4.329899820731953e-05,
      "multiplicity": 6
    },
    "(0, 2, 6)": {
      "value": 4.21707118221093e-05,
      "multiplicity": 6
    },
    "(0, 2, 7)": {
      "value": 1.9670223991852254e-05,
      "multiplicity": 6
    },
    "(0, 2, 8)": {
      "value": 6.932576070539653e-05,
      "multiplicity": 6
    },
    "(0, 2, 9)": {
      "value": -1.2570098988362588e-05,
      "multiplicity": 6
    },
    "(0, 3, 3)": {
      "value": 2.653483534231782e-06,
      "multiplicity": 3
    },
    "(0, 3, 4)": {
      "value": 1.5819874533917755e-05,
      "multiplicity": 6
    },
    "(0, 3, 5)": {
      "value": 8.82675431057578e-06,
      "multiplicity": 6
    },
    "(0, 3, 6)": {
      "value": 8.596125553594902e-06,
      "multiplicity": 6
    },
    "(0, 3, 7)": {
      "value": 4.009567419416271e-06,
      "multiplicity": 6
    },
    "(0, 3, 8)": {
      "value": 1.4131196621747222e-05,
      "multiplicity": 6
    },
    "(0, 3, 9)": {
      "value": -2.561910605436424e-06,
      "multiplicity": 6
    },
    "(0, 4, 4)": {
      "value": 9.431705984752625e-05,
      "multiplicity": 3
    },
    "(0, 4, 5)": {
      "value": 5.262053309706971e-05,
      "multiplicity": 6
    },
    "(0, 4, 6)": {
      "value": 5.125117240822874e-05,
      "multiplicity": 6
    },
    "(0, 4, 7)": {
      "value": 2.3904631234472618e-05,
      "multiplicity": 6
    },
    "(0, 4, 8)": {
      "value": 8.425151463598013e-05,
      "multiplicity": 6
    },
    "(0, 4, 9)": {
      "value": -1.52776156028267e-05,
      "multiplicity": 6
    },
    "(0, 5, 5)": {
      "value": 9.568833047524095e-05,
      "multiplicity": 3
    },
    "(0, 5, 6)": {
      "value": 4.0469378291163594e-05,
      "multiplicity": 6
    },
    "(0, 5, 7)": {
      "value": 1.444578174414346e-05,
      "multiplicity": 6
    },
    "(0, 5, 8)": {
      "value": 2.9154813091736287e-05,
      "multiplicity": 6
    },
    "(0, 5, 9)": {
      "value": -1.780455932021141e-05,
      "multiplicity": 6
    },
    "(0, 6, 6)": {
      "value": 6.849128112662584e-05,
      "multiplicity": 3
    },
    "(0, 6, 7)": {
      "value": 1.2102980690542608e-05,
      "multiplicity": 6
    },
    "(0, 6, 8)": {
      "value": 3.956851287512109e-05,
      "multiplicity": 6
    },
    "(0, 6, 9)": {
      "value": -1.93735850189114e-05,
      "multiplicity": 6
    },
    "(0, 7, 7)": {
      "value": 6.947827932890505e-05,
      "multiplicity": 3
    },
    "(0, 7, 8)": {
      "value": 1.9357126802788116e-05,
      "multiplicity": 6
    },
    "(0, 7, 9)": {
      "value": 5.528155270440038e-06,
      "multiplicity": 6
    },
    "(0, 8, 8)": {
      "value": 0.00013835544814355671,
      "multiplicity": 3
    },
    "(0, 8, 9)": {
      "value": 3.42639441441861e-06,
      "multiplicity": 6
    },
    "(0, 9, 9)": {
      "value": 6.1008991906419396e-05,
      "multiplicity": 3
    },
    "(1, 1, 1)": {
      "value": 0.00021542503964155912,
      "multiplicity": 1
    },
    "(1, 1, 2)": {
      "value": -0.0001558953954372555,
      "multiplicity": 3
    },
    "(1, 1, 3)": {
      "value": -3.177810867782682e-05,
      "multiplicity": 3
    },
    "(1, 1, 4)": {
      "value": -0.0001894590095616877,
      "multiplicity": 3
    },
    "(1, 1, 5)": {
      "value": -0.00010569626465439796,
      "multiplicity": 3
    },
    "(1, 1, 6)": {
      "value": -0.00010294567618984729,
      "multiplicity": 3
    },
    "(1, 1, 7)": {
      "value": -4.802156036021188e-05,
      "multiplicity": 3
    },
    "(1, 1, 8)": {
      "value": -0.00016924270312301815,
      "multiplicity": 3
    },
    "(1, 1, 9)": {
      "value": 3.0684692319482565e-05,
      "multiplicity": 3
    },
    "(1, 2, 2)": {
      "value": 0.00011281594197498634,
      "multiplicity": 3
    },
    "(1, 2, 3)": {
      "value": 2.2996679035713896e-05,
      "multiplicity": 6
    },
    "(1, 2, 4)": {
      "value": 0.00013710471102967858,
      "multiplicity": 6
    },
    "(1, 2, 5)": {
      "value": 7.648958126083016e-05,
      "multiplicity": 6
    },
    "(1, 2, 6)": {
      "value": 7.449727854691446e-05,
      "multiplicity": 6
    },
    "(1, 2, 7)": {
      "value": 3.475166886346415e-05,
      "multiplicity": 6
    },
    "(1, 2, 8)": {
      "value": 0.0001224733714479953,
      "multiplicity": 6
    },
    "(1, 2, 9)": {
      "value": -2.2205400455277413e-05,
      "multiplicity": 6
    },
    "(1, 3, 3)": {
      "value": 4.6877066779416054e-06,
      "multiplicity": 3
    },
    "(1, 3, 4)": {
      "value": 2.794776446535252e-05,
      "multiplicity": 6
    },
    "(1, 3, 5)": {
      "value": 1.5592850104440004e-05,
      "multiplicity": 6
    },
    "(1, 3, 6)": {
      "value": 1.5185607480816543e-05,
      "multiplicity": 6
    },
    "(1, 3, 7)": {
      "value": 7.083760465320665e-06,
      "multiplicity": 6
    },
    "(1, 3, 8)": {
      "value": 2.4964678232208826e-05,
      "multiplicity": 6
    },
    "(1, 3, 9)": {
      "value": -4.525680196820758e-06,
      "multiplicity": 6
    },
    "(1, 4, 4)": {
      "value": 0.00016662276175338775,
      "multiplicity": 3
    },
    "(1, 4, 5)": {
      "value": 9.295648487750441e-05,
      "multiplicity": 6
    },
    "(1, 4, 6)": {
      "value": 9.053848771145567e-05,
      "multiplicity": 6
    },
    "(1, 4, 7)": {
      "value": 4.223265568725765e-05,
      "multiplicity": 6
    },
    "(1, 4, 8)": {
      "value": 0.00014884174743201584,
      "multiplicity": 6
    },
    "(1, 4, 9)": {
      "value": -2.6988300305674784e-05,
      "multiplicity": 6
    },
    "(1, 5, 5)": {
      "value": 0.00016903964569792151,
      "multiplicity": 3
    },
    "(1, 5, 6)": {
      "value": 7.148987788241357e-05,
      "multiplicity": 6
    },
    "(1, 5, 7)": {
      "value": 2.5522062060190365e-05,
      "multiplicity": 6
    },
    "(1, 5, 8)": {
      "value": 5.150122888153419e-05,
      "multiplicity": 6
    },
    "(1, 5, 9)": {
      "value": -3.1449380912818015e-05,