{
  "analytical": {
    "linear": {
      "b": 0.5452380952380949,
      "c": 0.6689880952380952,
      "r_squared": 0.9218126527096626,
      "formula": "u + 0.5452|alpha| <= 0.6690",
      "boundary_points": [
        [
          0.025,
          0.6275000000000001
        ],
        [
          0.125,
          0.6275000000000001
        ],
        [
          0.275,
          0.54
        ],
        [
          0.42500000000000004,
          0.4175
        ]
      ]
    },
    "quadratic": {
      "b": -0.07073490813648425,
      "c": 0.6307152230971128,
      "d": 1.3595800524934398,
      "r_squared": 0.9945743216206501,
      "formula": "u + -0.0707|alpha| + 1.3596*alpha^2 <= 0.6307"
    }
  },
  "svm": {
    "b": -3.6219282278023233,
    "c": 7972.340335358425,
    "accuracy": 0.9096209912536443,
    "n_support_vectors": 65,
    "support_vectors": [
      [
        0.25,
        0.4
      ],
      [
        0.25,
        0.27
      ],
      [
        0.25,
        0.13
      ],
      [
        0.25,
        0.0
      ],
      [
        0.25,
        0.13
      ],
      [
        0.25,
        0.27
      ],
      [
        0.25,
        0.4
      ],
      [
        0.3350000000000001,
        0.4
      ],
      [
        0.3350000000000001,
        0.0
      ],
      [
        0.3350000000000001,
        0.4
      ],
      [
        0.4149999999999999,
        0.4
      ],
      [
        0.4149999999999999,
        0.0
      ],
      [
        0.4149999999999999,
        0.4
      ],
      [
        0.5,
        0.0
      ],
      [
        0.3350000000000001,
        0.4
      ],
      [
        0.3350000000000001,
        0.0
      ],
      [
        0.3350000000000001,
        0.13
      ],
      [
        0.3350000000000001,
        0.27
      ],
      [
        0.3350000000000001,
        0.4
      ],
      [
        0.4489000000000001,
        0.0
      ],
      [
        0.4149999999999999,
        0.4
      ],
      [
        0.4149999999999999,
        0.0
      ],
      [
        0.4149999999999999,
        0.4
      ],
      [
        0.5561,
        0.0
      ],
      [
        0.5,
        0.0
      ],
      [
        1.995,
        0.0
      ],
      [
        1.995,
        0.0
      ],
      [
        1.995,
        0.4
      ],
      [
        2.25,
        0.4
      ],
      [
        2.25,
        0.13
      ],
      [
        2.25,
        0.0
      ],
      [
        2.25,
        0.13
      ],
      [
        2.25,
        0.27
      ],
      [
        2.25,
        0.4
      ],
      [
        0.5,
        0.4
      ],
      [
        0.585,
        0.4
      ],
      [
        0.665,
        0.27
      ],
      [
        0.75,
        0.27
      ],
      [
        0.5561,
        0.4
      ],
      [
        0.67,
        0.27
      ],
      [
        0.7839,
        0.27
      ],
      [
        0.7839,
        0.13
      ],
      [
        1.0050000000000001,
        0.13
      ],
      [
        1.0050000000000001,
        0.0
      ],
      [
        0.5561,
        0.4
      ],
      [
        0.6889,
        0.27
      ],
      [
        0.83,
        0.27
      ],
      [
        0.83,
        0.13
      ],
      [
        0.9710999999999999,
        0.13
      ],
      [
        0.9710999999999999,
        0.0
      ],
      [
        0.5,
        0.4
      ],
      [
        0.67,
        0.27
      ],
      [
        0.83,
        0.27
      ],
      [
        0.83,
        0.13
      ],
      [
        1.0,
        0.13
      ],
      [
        1.0,
        0.0
      ],
      [
        0.585,
        0.4
      ],
      [
        0.7839,
        0.27
      ],
      [
        0.7839,
        0.13
      ],
      [
        0.9710999999999999,
        0.13
      ],
      [
        0.9710999999999999,
        0.0
      ],
      [
        0.665,
        0.27
      ],
      [
        0.75,
        0.27
      ],
      [
        1.0050000000000001,
        0.13
      ],
      [
        1.0050000000000001,
        0.0
      ]
    ],
    "formula": "u + -3.6219|alpha| <= 7972.3403"
  },
  "gp": {
    "b": 1.1562942638599618,
    "c": 1.0986576166598396,
    "r_squared": 0.9661093365297768,
    "formula": "u + 1.1563|alpha| <= 1.0987",
    "boundary_points": [
      [
        0.0,
        1.0748239345996466
      ],
      [
        0.020833333333333332,
        1.0626203595177075
      ],
      [
        0.041666666666666664,
        1.0479208075295872
      ],
      [
        0.0625,
        1.0325960985124067
      ],
      [
        0.08333333333333333,
        1.0145343232771056
      ],
      [
        0.10416666666666666,
        0.9940092840372527
      ],
      [
        0.125,
        0.9711271131691096
      ],
      [
        0.14583333333333331,
        0.9454736355031198
      ],
      [
        0.16666666666666666,
        0.9169257072181699
      ],
      [
        0.1875,
        0.8846398323138737
      ],
      [
        0.20833333333333331,
        0.8470148639156238
      ],
      [
        0.22916666666666666,
        0.8023008275170194
      ]
    ],
    "accuracy": 0.9125364431486881
  }
}