{
  "pipeline": "harmonic_yukawa_v2",
  "det_g": {
    "computed": 2.03154500173747,
    "target": 2.03125
  },
  "tau": {
    "computed": Infinity,
    "target": 3.8967452300785634
  },
  "mass_ratios": {
    "tau_e": 1.0000022329763465,
    "s_d": 1.0056187942513315,
    "koide": 0.3333333333334034
  },
  "eigenvalues": [
    18.0003604888916,
    18.000335693359375,
    18.000328063964844,
    18.00031089782715,
    18.00029754638672,
    18.00029754638672,
    18.00027847290039,
    17.799711227416992,
    17.67146110534668,
    17.234460830688477,
    17.056499481201172,
    16.8701171875,
    16.528644561767578,
    15.997901916503906,
    15.742674827575684,
    15.186982154846191,
    14.289539337158203,
    14.052000045776367,
    13.703143119812012,
    13.136375427246094
  ],
  "masses_GeV": [
    738.00732421875,
    738.0068969726562,
    738.0067138671875,
    738.00634765625,
    738.006103515625,
    738.006103515625,
    738.0056762695312,
    733.882568359375,
    731.2339477539062
  ]
}