{
  "timestamp": "2025-11-30T16:06:20.774357",
  "level": 4,
  "method": "Lipschitz enclosure",
  "n_samples": 50,
  "lipschitz": {
    "L_phi": 8.32987640716208,
    "L_torsion": 130.3831892341029,
    "layer_norms": {
      "fourier.B": 9.99320125579834,
      "mlp.0": 0.3304928243160248,
      "mlp.2": 1.7360153198242188,
      "mlp.4": 2.7419142723083496,
      "mlp.6": 2.419692039489746,
      "output": 1.4946457147598267
    },
    "silu_lip": 1.1
  },
  "coverage": {
    "delta_max": 1.7003305916100289,
    "delta_mean": 1.0020396394413043,
    "delta_p99": 1.465674883783771
  },
  "bounds": {
    "torsion_max_observed": 0.0005467,
    "lipschitz_correction": 221.69452528642452,
    "global_bound": 221.69507198642452,
    "joyce_threshold": 0.1,
    "kappa_T": 0.01639344262295082,
    "satisfies_joyce": false
  }
}