{
  "epoch": [
    0,
    10,
    20,
    30,
    40,
    50,
    60,
    70,
    80,
    90
  ],
  "phase": [
    "quick_test",
    "quick_test",
    "quick_test",
    "quick_test",
    "quick_test",
    "quick_test",
    "quick_test",
    "quick_test",
    "quick_test",
    "quick_test"
  ],
  "loss_total": [
    128.255859375,
    69.5391845703125,
    50.827972412109375,
    47.71648025512695,
    45.649818420410156,
    43.382022857666016,
    40.76191711425781,
    38.403717041015625,
    36.812713623046875,
    36.07831573486328
  ],
  "loss_torsion": [
    5.078370094299316,
    5.957751274108887,
    2.9162583351135254,
    1.2236592769622803,
    0.5746045112609863,
    0.47892358899116516,
    0.6930105090141296,
    1.0334216356277466,
    1.2944343090057373,
    1.3994309902191162
  ],
  "loss_det": [
    1.0556482076644897,
    0.709307074546814,
    6.152953624725342,
    7.6983442306518555,
    8.029716491699219,
    7.891590118408203,
    7.765719890594482,
    7.255796432495117,
    6.918973445892334,
    6.701925277709961
  ],
  "loss_positivity": [
    0.0,
    0.0,
    0.0,
    0.0,
    0.0,
    0.0,
    0.0,
    0.0,
    0.0,
    0.0
  ],
  "loss_cohomology": [
    0.0,
    0.0,
    0.0,
    0.0,
    0.0,
    0.0,
    0.0,
    0.0,
    0.0,
    0.0
  ],
  "det_g": [
    1.0054728984832764,
    2.6488230228424072,
    4.446651935577393,
    4.779874801635742,
    4.855496883392334,
    4.837247848510742,
    4.816486835479736,
    4.723567008972168,
    4.66029167175293,
    4.618701457977295
  ],
  "torsion_norm": [
    2.2619290351867676,
    2.4157023429870605,
    1.6918902397155762,
    1.102939486503601,
    0.7629571557044983,
    0.6992583274841309,
    0.8340394496917725,
    1.0142300128936768,
    1.1305880546569824,
    1.1765302419662476
  ],
  "min_eigenvalue": [
    0.9735842347145081,
    1.081449270248413,
    1.1496212482452393,
    1.1303329467773438,
    1.069782018661499,
    0.987562358379364,
    0.9027851819992065,
    0.831754744052887,
    0.7861356735229492,
    0.765402615070343
  ],
  "lr": [
    0.0009997557473810372,
    0.0009707359806323418,
    0.0008961267311259671,
    0.0007832312720368051,
    0.000643100597489419,
    0.0004894516742563267,
    0.00033732472947858096,
    0.00020161100844177672,
    9.559511573409205e-05,
    2.9654625589913258e-05
  ]
}